Rk,Player,Age,Pos,G,GS,MP,FG,FGA,FG%,3P,3PA,3P%,2P,2PA,2P%,eFG%,FT,FTA,FT%,ORB,DRB,TRB,AST,STL,BLK,TOV,PF,PTS,Team
1,Jalen Wilson,24,PF,44,10,1189,4.2,10.8,0.388,1.8,6.0,0.308,2.4,4.8,0.488,0.473,2.0,2.4,0.848,1.4,3.1,4.5,2.3,0.7,0.1,1.5,3.0,12.3,BRK
2,Cameron Johnson,28,PF,35,35,1131,7.2,14.6,0.491,3.6,8.5,0.419,3.6,6.1,0.591,0.613,3.7,4.1,0.898,0.8,3.7,4.5,3.3,0.9,0.5,1.9,2.0,21.6,BRK
3,Nic Claxton,25,C,38,30,1002,5.7,10.7,0.539,0.0,0.5,0.077,5.7,10.2,0.56,0.54,1.7,3.2,0.511,2.8,7.7,10.5,2.7,1.3,1.5,1.6,2.7,13.2,BRK
4,Keon Johnson,22,SG,43,23,945,5.3,14.4,0.371,2.3,7.6,0.3,3.0,6.7,0.452,0.451,1.6,2.1,0.759,1.1,4.2,5.3,2.8,1.3,0.5,2.1,4.0,14.5,BRK
5,Noah Clowney,20,PF,35,16,806,4.7,12.4,0.381,3.1,8.6,0.358,1.7,3.8,0.435,0.505,2.2,2.6,0.845,1.6,4.7,6.3,1.3,0.8,0.8,1.6,3.8,14.7,BRK
6,Dennis SchrÃ¶der,31,PG,23,23,772,6.9,15.2,0.452,2.7,7.0,0.387,4.2,8.2,0.509,0.542,3.4,3.8,0.889,0.2,3.0,3.2,7.1,1.2,0.2,2.8,2.6,19.8,BRK
7,Ben Simmons,28,PG,30,24,760,4.1,7.3,0.555,0.0,0.0,,4.1,7.3,0.555,0.555,0.8,1.1,0.696,1.3,6.3,7.6,10.1,1.1,0.7,4.0,3.5,8.9,BRK
8,Ziaire Williams,23,SF,31,16,704,5.1,12.5,0.41,2.0,6.1,0.328,3.1,6.4,0.488,0.49,3.0,3.6,0.817,1.7,5.7,7.4,2.3,1.6,0.6,1.7,4.0,15.2,BRK
9,Cam Thomas,23,SG,19,17,614,8.9,19.8,0.448,3.2,8.4,0.375,5.7,11.3,0.503,0.528,6.6,7.6,0.876,0.6,3.4,4.0,3.8,0.8,0.1,3.0,2.1,27.5,BRK
10,Tyrese Martin,25,SG,29,6,611,5.2,13.0,0.398,2.7,7.7,0.351,2.5,5.3,0.467,0.502,1.0,1.5,0.654,1.8,4.8,6.7,3.1,0.8,0.3,2.2,1.8,14.1,BRK
11,Dorian Finney-Smith,31,PF,20,20,579,4.5,9.9,0.459,2.9,6.7,0.435,1.6,3.2,0.51,0.607,0.9,1.5,0.625,1.9,3.7,5.7,1.9,1.1,0.7,1.1,3.4,12.9,BRK
12,Shake Milton,28,SG,27,1,492,5.3,11.5,0.465,2.0,5.3,0.389,3.3,6.2,0.529,0.554,1.8,2.4,0.758,1.2,2.6,3.7,4.7,1.1,0.1,1.5,3.1,14.6,BRK
13,Day'Ron Sharpe,23,C,23,0,401,6.4,13.5,0.473,0.3,2.3,0.115,6.1,11.1,0.548,0.483,2.8,3.9,0.721,5.9,7.1,13.0,3.1,1.4,1.0,2.7,4.0,15.8,BRK
14,Tosan Evbuomwan,23,SF,11,0,261,5.5,12.0,0.46,1.1,4.3,0.258,4.4,7.7,0.571,0.506,2.8,4.0,0.69,1.8,4.7,6.5,2.1,0.8,0.6,2.8,3.0,14.9,BRK
15,Trendon Watford,24,PF,13,0,209,6.0,13.6,0.443,1.4,4.5,0.308,4.7,9.1,0.509,0.494,5.2,6.0,0.857,0.7,5.5,6.2,2.6,0.9,0.7,2.8,5.2,18.6,BRK
16,D'Angelo Russell,28,PG,7,4,171,6.5,16.2,0.403,3.2,8.6,0.366,3.4,7.6,0.444,0.5,5.3,5.5,0.962,0.2,4.2,4.4,12.2,2.3,1.1,3.2,3.2,21.5,BRK
17,Reece Beekman,23,PG,14,0,155,3.5,9.3,0.375,0.9,3.5,0.267,2.6,5.8,0.44,0.425,0.9,1.6,0.571,0.7,1.9,2.6,4.6,1.6,0.5,1.9,1.4,8.8,BRK
18,Dariq Whitehead,20,SF,8,0,56,7.7,16.1,0.48,7.1,13.5,0.524,0.6,2.6,0.25,0.7,0.6,1.9,0.333,0.6,2.6,3.2,0.6,1.9,0.6,1.9,1.3,23.1,BRK
19,Cui Yongxi,21,SG,5,0,10,3.6,25.2,0.143,0.0,10.8,0.0,3.6,14.4,0.25,0.143,3.6,7.2,0.5,0.0,7.2,7.2,0.0,0.0,0.0,0.0,0.0,10.8,BRK
20,Jaylen Martin,21,SF,3,0,5,7.2,14.4,0.5,7.2,7.2,1.0,0.0,7.2,0.0,0.75,0.0,0.0,,0.0,0.0,0.0,0.0,0.0,0.0,0.0,7.2,21.6,BRK
21,Maxwell Lewis,22,SF,1,0,1,36.0,36.0,1.0,36.0,36.0,1.0,0.0,0.0,,1.5,0.0,0.0,,0.0,0.0,0.0,0.0,0.0,0.0,0.0,0.0,108.0,BRK
1,Brook Lopez,36,C,41,41,1309,5.2,10.7,0.488,2.1,5.7,0.372,3.1,5.0,0.621,0.587,1.2,1.6,0.776,1.2,4.3,5.5,2.0,0.9,2.2,1.2,2.4,13.8,MIL
2,Damian Lillard,34,PG,34,34,1228,7.7,17.1,0.449,3.5,8.8,0.392,4.2,8.3,0.511,0.551,6.1,6.6,0.92,0.5,3.8,4.4,7.1,1.3,0.2,2.9,1.8,24.9,MIL
3,Giannis Antetokounmpo,30,PF,35,35,1221,12.9,21.4,0.605,0.1,0.8,0.154,12.8,20.6,0.621,0.607,6.5,11.1,0.587,2.3,10.1,12.4,6.2,0.8,1.4,3.7,2.4,32.5,MIL
4,Taurean Prince,30,SF,41,34,1039,3.7,8.1,0.457,2.4,5.2,0.463,1.3,2.9,0.447,0.605,0.6,0.8,0.773,0.8,4.4,5.2,2.5,1.1,0.2,1.5,2.7,10.4,MIL
5,Bobby Portis,29,PF,40,5,990,7.9,17.0,0.465,1.9,5.2,0.366,6.0,11.8,0.508,0.52,1.7,2.1,0.81,2.4,9.1,11.5,2.8,1.0,0.8,1.8,2.6,19.4,MIL
6,Gary Trent Jr.,26,SG,36,7,882,4.9,11.2,0.434,3.1,7.2,0.424,1.8,4.0,0.454,0.571,1.2,1.3,0.906,0.2,3.1,3.3,1.3,1.6,0.0,0.9,2.9,14.0,MIL
7,A.J. Green,25,SG,38,4,827,4.4,9.8,0.447,3.8,8.7,0.442,0.6,1.2,0.481,0.642,0.5,0.6,0.857,0.4,3.4,3.9,2.1,0.8,0.2,0.9,3.6,13.1,MIL
8,Andre Jackson Jr.,23,SG,39,31,675,3.0,6.9,0.442,1.1,3.1,0.362,1.9,3.8,0.507,0.523,0.4,0.7,0.538,2.2,4.3,6.5,3.0,1.2,0.6,2.2,4.6,7.6,MIL
9,Khris Middleton,33,SF,18,7,423,7.1,14.7,0.48,2.2,5.9,0.377,4.9,8.9,0.548,0.555,3.0,3.6,0.833,0.4,5.6,6.0,7.7,1.4,0.3,2.6,3.3,19.3,MIL
10,Delon Wright,32,PG,25,2,383,2.1,7.3,0.282,1.1,4.3,0.261,0.9,3.0,0.313,0.359,0.8,1.3,0.571,1.4,2.6,4.0,4.2,2.0,0.8,1.3,1.6,6.0,MIL
11,Pat Connaughton,32,SG,21,0,330,3.8,9.5,0.402,1.6,5.7,0.288,2.2,3.8,0.571,0.489,1.3,1.7,0.75,1.4,5.1,6.5,3.9,0.4,0.7,1.3,2.7,10.6,MIL
12,Ryan Rollins,22,PG,25,5,300,5.8,11.8,0.49,1.8,4.9,0.366,4.0,6.8,0.579,0.566,1.6,1.9,0.813,1.1,4.3,5.4,3.4,2.4,1.2,2.5,4.1,14.9,MIL
13,MarJon Beauchamp,24,SF,20,0,88,6.1,15.1,0.405,2.0,7.0,0.294,4.1,8.2,0.5,0.473,3.3,4.1,0.8,1.6,7.0,8.6,0.8,0.8,0.4,4.9,2.0,17.6,MIL
14,Liam Robbins,25,C,13,0,57,1.3,5.1,0.25,0.0,1.3,0.0,1.3,3.8,0.333,0.25,3.2,6.3,0.5,4.4,3.2,7.6,1.3,1.3,1.3,3.8,5.7,5.7,MIL
15,Stanley Umude,25,SG,15,0,48,1.5,9.7,0.154,1.5,6.0,0.25,0.0,3.8,0.0,0.231,0.0,1.5,0.0,2.3,7.5,9.7,1.5,1.5,1.5,0.7,3.7,4.5,MIL
16,Tyler Smith,20,PF,11,0,38,8.5,13.3,0.643,2.8,7.6,0.375,5.7,5.7,1.0,0.75,0.9,1.9,0.5,0.9,8.5,9.5,0.9,0.0,2.8,2.8,3.8,20.8,MIL
17,Chris Livingston,21,SF,7,0,18,2.0,4.0,0.5,0.0,0.0,,2.0,4.0,0.5,0.5,0.0,0.0,,4.0,10.0,14.0,2.0,2.0,0.0,6.0,2.0,4.0,MIL
18,AJ Johnson,20,SG,5,0,11,9.8,19.6,0.5,3.3,3.3,1.0,6.5,16.4,0.4,0.583,0.0,0.0,,0.0,6.5,6.5,3.3,0.0,0.0,6.5,0.0,22.9,MIL
1,Tyrese Maxey,24,PG,35,35,1320,8.7,20.4,0.427,3.1,9.2,0.333,5.7,11.3,0.504,0.502,4.7,5.5,0.856,0.2,3.1,3.3,5.6,1.9,0.4,2.3,2.2,25.2,PHI
2,Kelly Oubre Jr.,29,SF,39,36,1302,5.6,12.2,0.456,1.3,4.6,0.283,4.3,7.6,0.56,0.509,2.1,2.8,0.748,1.7,4.6,6.3,1.8,1.6,0.6,1.4,3.2,14.5,PHI
3,Guerschon Yabusele,29,C,40,18,1031,5.2,10.2,0.512,2.2,5.4,0.409,3.0,4.9,0.626,0.619,1.8,2.7,0.684,2.6,4.8,7.4,2.7,1.0,0.6,1.7,3.6,14.5,PHI
4,Caleb Martin,29,SF,31,24,943,3.9,8.9,0.435,1.3,3.3,0.379,2.6,5.5,0.469,0.506,1.8,2.8,0.622,1.6,3.6,5.2,2.6,1.3,0.8,1.6,2.4,10.7,PHI
5,Paul George,34,PF,28,28,912,6.9,16.2,0.423,2.6,7.3,0.355,4.3,8.9,0.48,0.504,2.4,2.9,0.824,0.7,5.7,6.4,5.4,2.0,0.4,3.0,2.8,18.7,PHI
6,Jared McCain,20,SG,23,8,592,7.7,16.7,0.46,3.1,8.1,0.383,4.6,8.6,0.532,0.553,3.0,3.4,0.875,0.8,2.6,3.4,3.6,0.9,0.0,2.3,2.3,21.4,PHI
7,Eric Gordon,36,SG,31,8,575,3.9,9.6,0.409,2.4,6.5,0.375,1.5,3.1,0.48,0.536,1.8,2.4,0.744,0.4,1.8,2.1,2.9,1.2,0.6,1.4,1.7,12.1,PHI
8,Andre Drummond,31,C,28,16,538,5.4,10.6,0.509,0.1,0.7,0.091,5.4,9.9,0.541,0.513,2.3,4.1,0.574,4.7,9.6,14.3,1.1,2.1,0.7,3.1,4.6,13.2,PHI
9,Ricky Council IV,23,SF,35,3,504,5.1,12.9,0.398,1.5,5.6,0.269,3.6,7.4,0.495,0.456,3.8,4.5,0.841,1.6,4.1,5.8,2.4,0.9,0.4,1.4,2.1,15.6,PHI
10,Kyle Lowry,38,PG,25,12,497,2.2,6.3,0.356,1.6,4.7,0.338,0.7,1.6,0.409,0.483,1.4,1.8,0.8,0.6,2.8,3.3,4.9,1.8,0.6,1.3,3.4,7.5,PHI
11,KJ Martin,24,PF,24,7,480,4.6,7.4,0.616,0.6,1.6,0.381,4.0,5.9,0.679,0.657,1.8,2.2,0.828,1.6,3.8,5.4,1.4,0.8,1.2,0.9,4.6,11.5,PHI
12,Joel Embiid,30,C,13,13,383,9.3,20.6,0.452,1.5,4.6,0.327,7.8,16.0,0.488,0.489,9.7,10.5,0.92,2.1,7.6,9.7,4.7,1.0,1.2,3.9,2.7,29.8,PHI
13,Reggie Jackson,34,PG,24,1,283,4.5,11.6,0.385,2.4,6.9,0.352,2.0,4.7,0.432,0.489,0.8,0.9,0.857,0.6,3.2,3.8,4.7,1.5,0.4,2.2,3.3,12.1,PHI
14,Adem Bona,21,C,27,1,267,3.5,4.9,0.722,0.0,0.0,,3.5,4.9,0.722,0.722,2.7,4.2,0.645,3.2,5.8,9.0,0.9,0.5,2.6,2.3,6.2,9.7,PHI
15,Justin Edwards,21,SF,13,0,249,5.1,10.6,0.479,2.2,6.4,0.341,2.9,4.2,0.69,0.582,0.4,0.7,0.6,1.3,3.6,4.9,1.9,0.7,0.4,1.7,3.5,12.7,PHI
16,Jeff Dowtin,27,PG,20,0,228,4.7,11.7,0.405,0.8,3.3,0.238,3.9,8.4,0.472,0.439,1.9,2.7,0.706,0.5,3.6,4.1,4.7,1.3,0.5,0.5,2.1,12.2,PHI
17,Pete Nance,24,C,5,0,60,3.0,9.0,0.333,2.4,7.2,0.333,0.6,1.8,0.333,0.467,0.6,1.2,0.5,1.2,4.2,5.4,1.8,0.6,0.0,0.0,6.0,9.0,PHI
18,Lester QuiÃ±ones,24,SG,4,0,17,8.5,16.9,0.5,0.0,6.4,0.0,8.5,10.6,0.8,0.5,2.1,2.1,1.0,6.4,2.1,8.5,2.1,0.0,0.0,8.5,0.0,19.1,PHI
1,Trae Young,26,PG,40,40,1438,7.0,17.4,0.402,3.0,8.6,0.348,4.0,8.9,0.454,0.487,6.1,7.0,0.865,0.5,2.9,3.4,11.6,1.4,0.3,4.5,2.0,23.1,ATL
2,Dyson Daniels,21,SG,39,39,1307,6.1,13.2,0.465,1.2,4.0,0.303,4.9,9.2,0.534,0.51,0.8,1.5,0.556,1.8,3.6,5.5,3.8,3.3,0.9,2.0,2.7,14.3,ATL
3,Jalen Johnson,23,SF,35,35,1273,7.6,15.3,0.5,1.2,4.0,0.312,6.4,11.3,0.566,0.541,2.6,3.5,0.75,1.8,8.4,10.1,5.1,1.6,1.0,2.9,1.8,19.1,ATL
4,Clint Capela,30,C,43,41,974,6.7,11.8,0.572,0.0,0.0,,6.7,11.8,0.572,0.572,1.7,3.0,0.549,5.2,9.1,14.3,1.9,1.0,1.6,1.5,3.2,15.1,ATL
5,Zaccharie Risacher,19,SF,39,37,926,6.0,14.9,0.403,1.7,6.2,0.281,4.2,8.6,0.491,0.462,2.2,3.1,0.713,1.9,3.3,5.2,1.7,1.2,0.8,1.8,3.2,15.9,ATL
6,Onyeka Okongwu,24,C,36,2,871,6.8,12.3,0.55,0.6,2.3,0.25,6.2,10.0,0.62,0.574,2.9,3.9,0.755,4.3,7.1,11.4,2.7,1.1,1.3,1.2,3.3,17.1,ATL
7,De'Andre Hunter,27,SF,30,2,843,7.9,17.0,0.462,3.4,8.3,0.405,4.5,8.7,0.517,0.562,5.3,6.2,0.856,0.9,4.0,4.8,1.9,1.2,0.2,1.9,3.0,24.4,ATL
8,Garrison Mathews,28,SG,34,2,628,4.7,11.4,0.414,3.9,9.6,0.407,0.8,1.8,0.452,0.586,3.2,3.8,0.821,0.6,2.6,3.3,2.9,1.3,0.6,1.3,3.4,16.5,ATL
9,Bogdan BogdanoviÄ,32,SG,22,0,539,4.9,13.4,0.365,2.7,9.0,0.304,2.1,4.3,0.492,0.468,1.7,1.9,0.897,0.7,3.1,3.8,3.1,1.3,0.3,2.2,3.4,14.2,ATL
10,Vit Krejci,24,PG,28,11,516,4.0,9.3,0.429,2.2,5.9,0.369,1.8,3.4,0.531,0.545,0.9,1.2,0.765,0.8,3.7,4.5,4.9,1.2,0.9,1.7,3.4,11.0,ATL
11,David Roddy,23,PF,23,2,311,4.9,9.7,0.5,1.9,4.7,0.39,3.0,5.0,0.605,0.595,1.6,1.9,0.875,1.2,5.8,6.9,3.2,1.4,0.7,2.2,1.9,13.2,ATL
12,Larry Nance Jr.,32,PF,15,2,291,6.8,11.6,0.585,3.2,6.2,0.52,3.6,5.4,0.659,0.723,0.9,1.0,0.875,2.0,5.9,7.9,3.0,2.0,1.4,1.4,2.8,17.7,ATL
13,Keaton Wallace,25,PG,17,2,286,4.9,11.2,0.438,2.1,5.5,0.386,2.8,5.7,0.489,0.534,0.9,0.9,1.0,0.4,3.1,3.5,4.5,2.1,0.8,2.3,2.3,12.8,ATL
14,Kobe Bufkin,21,SG,10,0,124,5.2,13.6,0.383,1.2,5.5,0.211,4.1,8.1,0.5,0.426,3.8,5.2,0.722,1.5,4.6,6.1,4.9,0.9,0.6,2.3,2.6,15.4,ATL
15,Dominick Barlow,21,SF,7,0,30,2.4,8.4,0.286,1.2,2.4,0.5,1.2,6.0,0.2,0.357,1.2,2.4,0.5,0.0,4.8,4.8,1.2,1.2,0.0,0.0,2.4,7.2,ATL
16,Daeqwon Plowden,26,SG,1,0,25,10.1,11.5,0.875,7.2,8.6,0.833,2.9,2.9,1.0,1.188,0.0,0.0,,4.3,1.4,5.8,0.0,0.0,0.0,1.4,5.8,27.4,ATL
17,Mouhamed Gueye,22,PF,2,0,11,3.3,13.1,0.25,0.0,6.5,0.0,3.3,6.5,0.5,0.25,0.0,0.0,,0.0,6.5,6.5,0.0,0.0,0.0,3.3,0.0,6.5,ATL
1,Jayson Tatum,26,PF,41,41,1495,9.1,20.0,0.457,3.6,10.2,0.355,5.5,9.8,0.564,0.548,5.2,6.5,0.798,0.6,8.5,9.1,5.4,1.3,0.5,2.8,2.3,27.1,BOS
2,Derrick White,30,SG,42,42,1423,5.9,13.5,0.436,3.5,9.5,0.37,2.4,4.0,0.591,0.565,1.8,2.1,0.833,1.0,3.7,4.7,4.4,1.0,1.3,1.8,2.1,17.1,BOS
3,Jaylen Brown,28,SF,37,37,1317,8.6,18.9,0.453,2.0,6.2,0.326,6.6,12.7,0.515,0.506,4.3,5.6,0.765,1.5,4.5,6.0,4.9,1.3,0.3,2.9,2.5,23.5,BOS
4,Payton Pritchard,27,PG,44,0,1217,6.6,14.0,0.469,4.3,10.4,0.41,2.3,3.6,0.639,0.622,1.4,1.7,0.842,1.8,2.8,4.6,4.4,1.1,0.2,1.4,2.2,18.8,BOS
5,Jrue Holiday,34,PG,37,37,1132,5.0,11.0,0.452,2.1,6.1,0.349,2.9,4.9,0.581,0.549,1.6,1.7,0.891,1.4,3.7,5.1,4.5,1.1,0.5,1.6,1.7,13.7,BOS
6,Al Horford,38,C,34,25,921,4.1,9.5,0.426,2.6,7.0,0.369,1.5,2.5,0.585,0.561,0.4,0.5,0.833,1.4,5.6,7.0,2.8,0.9,1.2,1.0,2.0,11.1,BOS
7,Sam Hauser,27,PF,37,7,755,4.8,11.2,0.43,3.6,9.5,0.38,1.2,1.7,0.714,0.591,0.1,0.1,1.0,1.2,4.1,5.3,1.9,1.3,0.4,0.6,1.8,13.4,BOS
8,Luke Kornet,29,C,38,5,638,4.2,6.5,0.638,0.0,0.0,,4.2,6.5,0.638,0.638,2.1,2.9,0.731,4.7,6.1,10.8,3.1,1.1,2.1,0.9,2.8,10.5,BOS
9,Neemias Queta,25,C,36,5,541,5.4,8.1,0.669,0.0,0.1,0.0,5.4,7.9,0.681,0.669,1.9,2.7,0.7,3.5,5.8,9.3,1.4,0.7,1.8,1.5,4.5,12.6,BOS
10,Kristaps PorziÅÄ£is,29,C,19,19,534,8.0,17.1,0.465,2.9,7.6,0.384,5.1,9.6,0.528,0.549,5.2,6.2,0.837,2.3,6.8,9.1,2.1,0.9,1.8,1.2,3.2,24.0,BOS
11,Jordan Walsh,20,PF,30,1,252,2.7,7.4,0.365,1.6,5.1,0.306,1.1,2.3,0.5,0.471,0.7,1.4,0.5,1.7,3.4,5.1,1.3,1.1,1.1,1.0,2.4,7.7,BOS
12,Xavier Tillman Sr.,26,C,25,1,184,2.0,7.2,0.27,0.8,3.9,0.2,1.2,3.3,0.353,0.324,0.2,0.4,0.5,1.6,5.5,7.0,1.4,1.6,1.0,1.6,2.5,4.9,BOS
13,Drew Peterson,25,PF,11,0,109,3.6,7.3,0.5,2.3,5.6,0.412,1.3,1.7,0.8,0.659,2.0,2.3,0.857,1.7,5.9,7.6,2.6,0.7,0.7,1.7,3.3,11.6,BOS
14,Jaden Springer,22,SG,20,0,96,2.3,7.9,0.286,0.7,3.7,0.2,1.5,4.1,0.364,0.333,5.2,7.1,0.737,1.5,4.5,6.0,2.6,3.0,0.0,1.1,5.6,10.5,BOS
15,Baylor Scheierman,24,SG,8,0,48,2.3,12.0,0.188,0.7,8.2,0.091,1.5,3.8,0.4,0.219,1.5,1.5,1.0,1.5,8.3,9.7,2.3,1.5,0.0,0.0,3.0,6.8,BOS
16,JD Davison,22,PG,5,0,24,3.0,7.5,0.4,1.5,4.5,0.333,1.5,3.0,0.5,0.5,1.5,3.0,0.5,0.0,3.0,3.0,1.5,1.5,0.0,9.0,1.5,9.0,BOS
1,Mikal Bridges,28,SF,45,45,1736,6.8,14.0,0.49,2.2,6.3,0.352,4.6,7.7,0.603,0.569,0.8,1.1,0.731,0.9,2.0,2.9,2.9,0.9,0.5,1.4,1.3,16.7,NYK
2,Josh Hart,29,SG,44,44,1664,5.0,9.0,0.557,1.2,3.2,0.362,3.9,5.8,0.665,0.622,2.1,2.6,0.814,2.1,7.1,9.1,5.3,1.5,0.3,1.9,2.6,13.3,NYK
3,OG Anunoby,27,PF,45,45,1653,5.9,12.5,0.471,1.9,5.6,0.344,4.0,6.9,0.576,0.549,1.9,2.4,0.806,1.3,3.5,4.7,1.9,1.3,0.8,1.4,2.3,15.6,NYK
4,Jalen Brunson,28,PG,44,44,1555,9.1,18.7,0.486,2.4,6.0,0.391,6.7,12.7,0.531,0.549,5.9,7.2,0.817,0.4,2.6,3.0,7.5,0.9,0.0,2.4,2.3,26.4,NYK
5,Karl-Anthony Towns,29,C,40,40,1394,9.3,17.1,0.545,2.2,5.0,0.433,7.1,12.1,0.591,0.608,5.1,6.1,0.836,3.1,11.3,14.3,3.6,1.0,0.9,2.7,3.7,25.9,NYK
6,Miles McBride,24,PG,35,0,823,5.0,11.9,0.424,2.7,7.0,0.381,2.4,4.9,0.486,0.537,1.4,1.7,0.816,1.3,2.5,3.8,4.4,1.2,0.3,1.2,2.3,14.1,NYK
7,Cameron Payne,30,PG,39,1,573,6.5,14.8,0.438,3.8,9.1,0.421,2.6,5.7,0.467,0.568,1.4,1.6,0.88,0.6,2.9,3.5,6.2,1.6,0.7,1.6,4.2,18.2,NYK
8,Precious Achiuwa,25,C,24,1,450,4.5,8.5,0.528,0.5,1.3,0.375,4.0,7.2,0.556,0.557,1.0,2.0,0.52,3.4,7.2,10.6,2.0,1.4,1.4,1.5,2.8,10.5,NYK
9,Jericho Sims,26,C,34,5,413,2.4,3.9,0.6,0.0,0.0,,2.4,3.9,0.6,0.6,0.7,1.1,0.615,4.3,6.7,11.0,1.9,0.7,0.9,1.8,4.0,5.4,NYK
10,Landry Shamet,27,SG,14,0,154,3.7,9.1,0.41,0.9,4.7,0.2,2.8,4.4,0.632,0.462,0.2,0.5,0.5,0.7,1.6,2.3,1.4,1.6,0.2,1.2,2.3,8.6,NYK
11,Tyler Kolek,23,PG,25,0,138,4.4,11.5,0.386,2.6,6.8,0.385,1.8,4.7,0.389,0.5,1.6,1.6,1.0,0.5,3.4,3.9,4.7,1.8,0.3,2.1,3.1,13.0,NYK
12,Ariel Hukporti,22,C,15,0,118,3.1,4.9,0.625,0.0,0.0,,3.1,4.9,0.625,0.625,1.2,2.4,0.5,1.5,7.0,8.5,1.8,0.0,3.4,3.4,4.6,7.3,NYK
13,Pacome Dadiet,19,SG,13,0,83,2.6,8.7,0.3,2.2,6.1,0.357,0.4,2.6,0.167,0.425,0.9,0.9,1.0,0.0,5.6,5.6,2.2,0.4,0.9,0.4,2.2,8.2,NYK
14,Matt Ryan,27,SF,14,0,56,5.8,16.1,0.36,3.2,10.3,0.313,2.6,5.8,0.444,0.46,1.3,1.3,1.0,0.0,3.2,3.2,0.0,0.6,0.0,1.9,0.6,16.1,NYK
15,Jacob Toppin,24,SF,13,0,40,2.7,8.1,0.333,0.0,1.8,0.0,2.7,6.3,0.429,0.333,0.0,0.0,,1.8,6.3,8.1,3.6,0.9,0.0,1.8,1.8,5.4,NYK
1,Bilal Coulibaly,20,SF,38,38,1269,4.8,11.4,0.418,1.1,4.1,0.273,3.7,7.3,0.498,0.466,2.6,3.4,0.765,1.6,3.9,5.5,3.7,1.4,0.8,2.3,2.6,13.2,WAS
2,Carlton Carrington,19,PG,42,33,1259,3.9,9.9,0.399,1.9,5.4,0.342,2.1,4.5,0.468,0.493,0.9,1.1,0.789,0.4,4.7,5.1,4.7,0.9,0.3,1.9,3.1,10.6,WAS
3,Jordan Poole,25,SG,35,35,1084,8.0,18.8,0.427,4.3,10.7,0.402,3.8,8.2,0.459,0.541,4.5,5.2,0.86,0.5,3.0,3.5,5.4,1.8,0.5,4.2,3.8,24.8,WAS
4,Alex Sarr,19,C,38,38,1027,5.8,14.6,0.399,1.9,6.2,0.313,3.9,8.4,0.463,0.465,1.9,2.9,0.643,2.5,6.4,8.9,2.9,0.9,2.2,2.0,3.3,15.5,WAS
5,Corey Kispert,25,SF,37,0,994,5.6,12.7,0.444,2.6,7.5,0.353,3.0,5.2,0.576,0.548,1.6,1.8,0.843,0.7,3.3,4.1,2.2,0.7,0.3,1.3,2.1,15.5,WAS
6,Kyshawn George,21,SG,37,8,947,3.6,10.5,0.349,2.0,7.2,0.279,1.6,3.2,0.506,0.445,1.4,1.9,0.76,1.1,4.1,5.3,3.2,1.2,0.9,1.7,4.2,10.8,WAS
7,Jonas ValanÄiÅ«nas,32,C,42,8,829,8.8,15.6,0.561,0.2,1.0,0.217,8.6,14.6,0.585,0.568,3.5,3.9,0.889,4.4,10.6,14.9,4.0,0.9,1.2,3.3,3.4,21.2,WAS
8,Kyle Kuzma,29,PF,25,23,685,7.5,17.6,0.424,1.5,5.9,0.257,5.9,11.7,0.509,0.467,2.3,3.9,0.587,1.1,6.1,7.1,3.4,0.9,0.3,3.2,2.1,18.8,WAS
9,Justin Champagnie,23,SF,24,13,509,5.7,11.0,0.519,2.2,5.3,0.413,3.5,5.7,0.617,0.619,1.1,1.6,0.652,3.0,5.7,8.6,1.7,1.8,1.1,1.6,3.6,14.7,WAS
10,Malcolm Brogdon,32,PG,18,13,447,6.9,15.6,0.443,1.2,3.9,0.313,5.7,11.8,0.486,0.482,5.0,5.6,0.886,1.4,4.5,5.9,5.7,0.8,0.4,2.5,2.1,20.1,WAS
11,Jared Butler,24,PG,31,0,345,8.7,17.7,0.488,1.6,4.2,0.375,7.1,13.6,0.523,0.532,3.2,4.2,0.775,1.5,2.8,4.3,8.2,1.3,0.5,2.8,3.9,22.1,WAS
12,Johnny Davis,22,SG,29,0,213,5.1,11.8,0.429,1.2,4.6,0.259,3.9,7.3,0.535,0.479,1.2,1.9,0.636,1.2,4.2,5.4,1.5,2.2,1.0,0.8,2.9,12.5,WAS
13,Anthony Gill,32,PF,30,0,180,4.0,8.2,0.488,1.0,2.8,0.357,3.0,5.4,0.556,0.549,3.0,4.8,0.625,1.2,4.4,5.6,1.4,1.2,0.2,1.2,3.2,12.0,WAS
14,Marvin Bagley III,25,C,19,1,166,8.2,15.4,0.535,0.4,2.2,0.2,7.8,13.2,0.59,0.549,3.3,5.0,0.652,5.9,6.3,12.1,1.5,1.5,1.1,2.4,2.6,20.2,WAS
15,Patrick Baldwin Jr.,22,SF,19,0,79,6.8,12.3,0.556,4.1,7.7,0.529,2.7,4.6,0.6,0.722,0.9,1.8,0.5,1.8,5.0,6.8,0.5,0.9,0.9,1.4,2.3,18.7,WAS
16,Richaun Holmes,31,PF,7,0,60,4.2,10.2,0.412,0.0,0.6,0.0,4.2,9.6,0.438,0.412,2.4,3.0,0.8,4.2,7.8,12.0,0.6,0.0,2.4,1.2,3.0,10.8,WAS
17,Tristan Vukcevic,21,C,5,0,12,3.0,18.0,0.167,0.0,12.0,0.0,3.0,6.0,0.5,0.167,0.0,0.0,,3.0,0.0,3.0,0.0,0.0,3.0,0.0,6.0,6.0,WAS
1,Tyrese Haliburton,24,PG,42,42,1449,6.4,14.4,0.444,3.0,8.3,0.355,3.5,6.1,0.565,0.546,2.9,3.4,0.859,0.7,3.1,3.8,9.2,1.3,0.6,1.9,1.4,18.7,IND
2,Pascal Siakam,30,PF,43,43,1432,8.4,16.1,0.523,1.9,4.7,0.405,6.5,11.4,0.57,0.581,3.1,4.1,0.745,1.9,6.1,7.9,3.7,1.0,0.4,1.3,2.8,21.8,IND
3,Bennedict Mathurin,22,SF,42,37,1368,6.3,13.7,0.463,1.7,4.6,0.358,4.7,9.1,0.517,0.524,3.7,4.5,0.819,1.4,5.3,6.7,2.2,0.7,0.4,2.3,2.9,18.0,IND
4,Myles Turner,28,C,40,40,1247,6.5,13.2,0.49,2.4,5.9,0.404,4.1,7.3,0.559,0.58,2.5,3.4,0.739,1.6,6.5,8.1,1.8,1.0,2.3,2.3,3.3,17.8,IND
5,T.J. McConnell,32,PG,42,0,802,8.7,16.2,0.533,0.3,1.1,0.28,8.3,15.1,0.552,0.543,1.5,2.1,0.739,1.1,3.7,4.8,8.4,2.2,0.5,2.8,2.0,19.2,IND
6,Andrew Nembhard,25,SG,28,28,793,5.0,10.9,0.461,1.0,3.0,0.328,4.0,7.9,0.511,0.506,2.4,3.2,0.743,0.6,3.5,4.2,6.3,1.3,0.1,2.3,2.6,13.4,IND
7,Obi Toppin,26,PF,40,0,774,7.2,13.3,0.54,2.1,6.2,0.346,5.1,7.2,0.708,0.62,2.1,2.6,0.804,1.3,6.1,7.4,3.0,1.4,0.7,1.3,2.7,18.7,IND
8,Jarace Walker,21,PF,43,1,740,4.9,10.4,0.474,2.1,5.3,0.398,2.8,5.1,0.552,0.575,1.7,2.6,0.642,0.8,6.4,7.2,3.0,2.0,0.8,2.4,3.6,13.6,IND
9,Ben Sheppard,23,SG,29,7,589,3.5,8.6,0.411,2.3,6.0,0.378,1.3,2.6,0.488,0.543,0.6,0.6,0.9,1.0,3.4,4.5,1.9,0.9,0.5,0.6,4.0,9.9,IND
10,Quenton Jackson,26,PG,18,7,254,5.5,10.8,0.513,1.3,3.4,0.375,4.3,7.4,0.577,0.572,2.1,3.0,0.714,1.4,2.4,3.8,4.4,1.3,0.7,1.6,4.5,14.5,IND
11,Thomas Bryant,27,C,17,1,239,6.9,12.2,0.568,2.4,5.4,0.444,4.5,6.8,0.667,0.667,0.9,1.1,0.857,4.1,6.0,10.1,2.1,1.2,1.4,1.2,2.3,17.2,IND
12,Johnny Furphy,20,SG,28,0,218,3.5,9.1,0.382,1.8,5.3,0.344,1.7,3.8,0.435,0.482,1.2,1.2,1.0,2.1,3.0,5.1,1.5,1.3,1.0,1.5,3.5,9.9,IND
13,Aaron Nesmith,25,SF,8,7,156,6.0,10.4,0.578,2.3,3.9,0.588,3.7,6.5,0.571,0.689,3.2,3.7,0.875,0.9,5.3,6.2,1.4,0.9,0.5,1.2,5.8,17.5,IND
14,Enrique Freeman,24,PF,18,1,135,3.2,6.7,0.48,0.3,1.6,0.167,2.9,5.1,0.579,0.5,1.9,3.5,0.538,1.3,3.5,4.8,1.9,0.5,0.5,1.3,4.5,8.5,IND
15,Isaiah Jackson,23,C,5,1,84,6.0,9.9,0.609,0.0,0.0,,6.0,9.9,0.609,0.609,3.0,6.0,0.5,4.7,7.3,12.0,2.1,1.3,3.4,2.1,6.0,15.0,IND
16,Moses Brown,25,C,9,0,46,10.2,15.7,0.65,0.0,0.0,,10.2,15.7,0.65,0.65,2.3,3.9,0.6,3.1,7.0,10.2,0.0,1.6,0.8,4.7,4.7,22.7,IND
17,James Johnson,37,PF,8,0,27,5.3,9.3,0.571,0.0,1.3,0.0,5.3,8.0,0.667,0.571,0.0,1.3,0.0,0.0,5.3,5.3,4.0,0.0,2.7,5.3,5.3,10.7,IND
18,Tristen Newton,23,SG,5,0,8,4.5,27.0,0.167,0.0,13.5,0.0,4.5,13.5,0.333,0.167,4.5,4.5,1.0,0.0,0.0,0.0,4.5,0.0,0.0,4.5,9.0,13.5,IND
19,James Wiseman,23,C,1,0,5,14.4,28.8,0.5,0.0,7.2,0.0,14.4,21.6,0.667,0.5,14.4,14.4,1.0,0.0,7.2,7.2,0.0,0.0,0.0,0.0,0.0,43.2,IND
20,RayJ Dennis,23,PG,3,0,4,0.0,9.0,0.0,0.0,9.0,0.0,0.0,0.0,,0.0,18.0,18.0,1.0,0.0,0.0,0.0,0.0,9.0,0.0,9.0,9.0,18.0,IND
1,Josh Green,24,SG,38,37,1067,3.1,7.6,0.412,1.8,4.5,0.394,1.4,3.2,0.436,0.527,0.8,1.3,0.658,1.5,2.2,3.7,1.9,1.4,0.4,1.2,3.6,8.9,CHO
2,LaMelo Ball,23,PG,29,29,993,10.5,25.2,0.419,4.4,13.2,0.335,6.1,12.0,0.511,0.506,5.0,5.9,0.835,1.1,4.6,5.7,7.9,1.4,0.4,4.0,3.8,30.5,CHO
3,Cody Martin,29,SF,38,7,962,4.3,9.9,0.438,1.5,4.6,0.325,2.8,5.3,0.535,0.513,1.3,1.8,0.694,1.5,5.1,6.5,3.3,1.6,1.0,1.6,2.7,11.5,CHO
4,Brandon Miller,22,SF,27,27,924,7.7,19.1,0.403,4.1,11.4,0.355,3.7,7.7,0.475,0.509,2.6,3.1,0.861,1.0,4.1,5.1,3.8,1.1,0.8,3.0,2.9,22.1,CHO
5,Miles Bridges,26,PF,27,27,853,7.6,17.5,0.432,2.4,7.6,0.315,5.1,9.8,0.524,0.501,3.6,4.1,0.885,1.0,7.4,8.4,4.2,0.8,0.6,2.4,1.9,21.1,CHO
6,Tidjane SalaÃ¼n,19,PF,34,8,625,3.1,9.8,0.318,1.7,6.2,0.28,1.4,3.6,0.381,0.406,1.2,1.8,0.677,2.0,6.0,8.0,2.1,1.2,0.3,1.7,2.5,9.2,CHO
7,Moussa DiabatÃ©,23,C,33,4,586,3.2,5.3,0.605,0.0,0.0,,3.2,5.3,0.605,0.605,0.9,1.7,0.5,5.9,7.1,13.0,1.2,1.3,1.5,1.7,3.3,7.2,CHO
8,Vasilije MiciÄ,31,PG,29,11,572,4.2,12.8,0.33,2.0,6.0,0.323,2.3,6.7,0.336,0.406,1.4,1.8,0.786,1.1,3.2,4.3,6.2,0.9,0.0,3.3,2.0,11.8,CHO
9,Grant Williams,26,PF,16,7,479,4.1,9.2,0.439,2.0,5.6,0.365,2.0,3.7,0.551,0.549,2.3,2.8,0.838,1.4,4.8,6.2,2.8,1.4,1.0,2.1,3.5,12.5,CHO
10,Seth Curry,34,SG,34,8,456,5.4,11.1,0.486,2.5,5.7,0.444,2.8,5.4,0.529,0.6,1.0,1.2,0.867,1.0,2.5,3.6,1.3,1.2,0.4,1.0,2.6,14.3,CHO
11,Nick Richards,27,C,21,9,440,5.2,9.3,0.561,0.0,0.1,0.0,5.2,9.2,0.566,0.561,4.8,7.1,0.678,4.2,8.8,12.9,2.3,0.6,2.1,2.7,3.9,15.3,CHO
12,Mark Williams,23,C,18,15,422,9.6,15.1,0.633,0.0,0.1,0.0,9.6,15.0,0.636,0.633,5.0,6.7,0.756,5.2,9.3,14.5,3.6,1.0,1.6,1.8,3.8,24.1,CHO
13,Tre Mann,23,PG,13,0,319,7.9,18.2,0.435,2.7,6.8,0.4,5.2,11.4,0.455,0.509,2.1,2.4,0.905,1.4,2.9,4.3,4.4,0.8,0.5,2.8,2.7,20.7,CHO
14,Nick Smith Jr.,20,SG,22,3,293,5.9,14.9,0.397,3.3,8.5,0.391,2.6,6.4,0.404,0.508,0.1,0.2,0.5,0.5,3.8,4.3,3.3,1.0,0.2,1.7,1.5,15.2,CHO
15,KJ Simpson,22,PG,12,0,173,3.7,12.7,0.295,1.0,6.0,0.172,2.7,6.7,0.406,0.336,2.1,3.1,0.667,2.5,1.9,4.4,4.2,1.9,0.4,2.5,3.1,10.6,CHO
16,Taj Gibson,39,C,16,8,166,3.5,7.4,0.471,0.2,0.4,0.5,3.3,6.9,0.469,0.485,1.1,1.7,0.625,4.6,5.4,10.0,1.5,1.3,0.9,2.0,4.3,8.2,CHO
17,DaQuan Jeffries,27,SG,9,0,153,5.6,10.6,0.533,2.1,4.7,0.45,3.5,5.9,0.6,0.633,0.7,0.9,0.75,1.4,4.2,5.6,1.2,1.2,1.2,1.4,3.3,14.1,CHO
18,Isaiah Wong,24,SG,11,0,149,5.3,14.5,0.367,1.0,4.6,0.211,4.3,9.9,0.439,0.4,4.6,6.8,0.679,2.9,2.7,5.6,4.6,1.4,0.0,2.7,2.7,16.2,CHO
19,Josh Okogie,26,SG,2,0,32,4.5,12.4,0.364,3.4,5.6,0.6,1.1,6.8,0.167,0.5,0.0,0.0,,1.1,3.4,4.5,1.1,5.6,1.1,1.1,2.3,12.4,CHO
20,Jared Rhoden,25,SG,4,0,12,6.0,24.0,0.25,0.0,6.0,0.0,6.0,18.0,0.333,0.25,0.0,0.0,,6.0,6.0,12.0,6.0,3.0,0.0,3.0,3.0,12.0,CHO
1,Tyler Herro,25,SG,41,41,1448,8.5,17.8,0.478,4.0,9.8,0.407,4.5,8.0,0.565,0.59,3.5,4.1,0.866,0.3,5.5,5.8,5.1,0.7,0.1,2.4,1.4,24.5,MIA
2,Bam Adebayo,27,C,41,41,1374,6.5,14.2,0.455,0.7,2.7,0.272,5.7,11.5,0.498,0.481,3.1,4.3,0.721,2.5,7.9,10.4,4.8,1.5,0.8,2.2,2.3,16.8,MIA
3,Terry Rozier,30,PG,38,21,1083,5.6,13.7,0.404,1.9,6.5,0.294,3.6,7.2,0.505,0.475,2.1,2.3,0.913,0.8,4.3,5.1,3.7,0.8,0.4,1.9,1.8,15.1,MIA
4,Haywood Highsmith,28,SF,40,32,978,3.8,7.8,0.484,1.9,4.5,0.415,1.9,3.3,0.578,0.603,0.6,0.9,0.667,1.3,3.5,4.7,1.8,1.4,0.9,1.2,3.0,10.0,MIA
5,Duncan Robinson,30,SF,40,22,941,6.0,14.1,0.427,3.9,10.0,0.385,2.1,4.1,0.528,0.564,1.0,1.1,0.893,0.5,3.2,3.7,4.2,0.7,0.2,1.6,3.1,16.8,MIA
6,Jaime Jaquez Jr.,23,SF,38,10,901,5.3,11.9,0.448,1.0,3.2,0.325,4.3,8.7,0.493,0.492,2.9,3.9,0.735,2.0,5.3,7.3,4.1,1.9,0.2,2.4,2.4,14.5,MIA
7,Nikola JoviÄ,21,PF,33,10,768,5.4,12.1,0.444,2.3,6.4,0.365,3.0,5.7,0.533,0.541,2.7,3.2,0.838,1.0,5.0,6.0,4.3,1.3,0.4,1.6,2.3,15.8,MIA
8,Jimmy Butler,35,PF,25,25,766,6.7,12.4,0.54,0.6,1.7,0.361,6.1,10.7,0.568,0.565,6.1,7.6,0.801,2.6,3.6,6.2,5.6,1.3,0.5,1.4,1.1,20.0,MIA
9,Kel'el Ware,20,C,27,1,403,7.7,13.6,0.566,1.4,3.7,0.39,6.3,9.9,0.631,0.618,1.9,2.6,0.724,2.5,8.1,10.6,1.3,1.1,2.3,1.2,2.7,18.7,MIA
10,Alec Burks,33,SG,25,0,402,3.9,9.3,0.413,3.0,6.9,0.429,0.9,2.4,0.37,0.572,1.9,2.3,0.808,0.6,3.9,4.5,2.3,1.2,0.4,0.8,1.4,12.5,MIA
11,Pelle Larsson,23,SG,26,0,337,4.4,9.2,0.477,1.4,4.3,0.325,3.0,4.9,0.609,0.552,1.9,3.0,0.643,1.2,2.9,4.1,2.9,1.4,0.2,1.2,4.8,12.1,MIA
12,Dru Smith,27,SG,14,1,268,4.2,8.2,0.508,2.1,4.0,0.533,2.0,4.2,0.484,0.639,1.2,1.6,0.75,1.6,3.2,4.8,3.1,2.8,0.8,2.3,4.0,11.7,MIA
13,Kevin Love,36,PF,17,6,198,6.4,18.0,0.354,3.8,10.5,0.362,2.5,7.5,0.341,0.46,2.4,3.5,0.684,3.1,10.5,13.6,3.5,2.5,0.4,2.4,2.9,18.9,MIA
14,Josh Richardson,31,SG,8,0,150,2.6,9.1,0.289,1.4,5.3,0.273,1.2,3.8,0.313,0.368,1.0,1.0,1.0,1.4,1.4,2.9,2.9,1.9,0.2,1.9,4.1,7.7,MIA
15,Thomas Bryant,27,C,10,0,115,3.8,8.8,0.429,1.9,5.3,0.353,1.9,3.4,0.545,0.536,3.4,3.4,1.0,1.9,8.1,10.0,1.3,0.3,2.8,0.6,2.8,12.8,MIA
16,Keshad Johnson,23,SF,9,0,53,4.1,6.8,0.6,0.7,2.7,0.25,3.4,4.1,0.833,0.65,0.7,2.7,0.25,0.7,9.5,10.2,2.0,0.7,2.7,2.0,3.4,9.5,MIA
17,Josh Christopher,23,SG,6,0,22,3.3,8.2,0.4,0.0,1.6,0.0,3.3,6.5,0.5,0.4,1.6,3.3,0.5,0.0,3.3,3.3,6.5,0.0,1.6,6.5,1.6,8.2,MIA
1,Nikola VuÄeviÄ,34,C,43,43,1389,9.3,16.7,0.554,2.2,5.2,0.411,7.1,11.5,0.619,0.618,2.0,2.4,0.809,2.7,8.9,11.6,3.8,1.0,0.7,1.7,2.6,22.7,CHI
2,Zach LaVine,29,SF,39,39,1327,9.3,18.0,0.514,3.4,7.6,0.45,5.8,10.4,0.56,0.608,3.5,4.3,0.816,0.3,4.8,5.1,4.7,1.0,0.3,3.1,1.6,25.4,CHI
3,Coby White,24,SG,40,40,1305,6.9,15.7,0.437,3.3,9.1,0.364,3.6,6.6,0.538,0.542,3.1,3.5,0.874,0.4,3.4,3.8,5.1,1.1,0.2,2.6,2.6,20.1,CHI
4,Josh Giddey,22,PG,40,40,1130,5.5,12.6,0.439,1.5,4.6,0.324,4.0,8.0,0.506,0.499,1.9,2.5,0.75,2.0,7.3,9.3,8.5,1.4,0.6,3.4,2.0,14.5,CHI
5,Ayo Dosunmu,25,SG,33,17,1009,5.7,11.5,0.492,1.5,4.7,0.318,4.2,6.8,0.613,0.557,1.7,2.1,0.797,0.7,3.8,4.5,5.5,1.0,0.5,1.5,2.7,14.5,CHI
6,Patrick Williams,23,PF,34,33,904,4.4,11.6,0.381,2.3,6.3,0.367,2.1,5.3,0.398,0.481,1.6,1.9,0.83,0.9,4.3,5.2,2.9,1.1,0.9,1.8,1.9,12.7,CHI
7,Jalen Smith,24,C,40,1,606,6.9,14.9,0.464,2.6,8.0,0.328,4.3,6.9,0.621,0.552,3.0,3.6,0.82,3.4,9.3,12.8,2.0,0.7,1.7,1.5,3.8,19.4,CHI
8,Julian Phillips,21,SF,43,3,582,4.3,9.8,0.434,1.7,5.3,0.314,2.6,4.5,0.575,0.519,1.7,2.5,0.7,2.5,3.0,5.6,1.1,1.2,0.7,1.2,3.5,11.9,CHI
9,Matas Buzelis,20,SF,42,0,536,4.9,13.0,0.376,2.1,6.5,0.33,2.8,6.5,0.423,0.459,1.9,2.3,0.824,1.7,5.6,7.4,1.2,0.7,2.4,1.5,3.8,13.8,CHI
10,Dalen Terry,22,SG,41,1,530,3.6,8.2,0.442,1.0,3.0,0.341,2.6,5.2,0.5,0.504,1.9,2.7,0.7,1.6,2.6,4.2,3.0,1.4,0.7,2.2,4.3,10.1,CHI
11,Lonzo Ball,27,PG,23,2,470,3.8,10.5,0.365,2.9,8.8,0.33,0.9,1.7,0.545,0.504,0.7,0.9,0.75,0.9,5.0,5.9,6.5,2.8,1.0,2.1,2.8,11.3,CHI
12,Talen Horton-Tucker,24,SG,36,0,436,6.9,14.5,0.472,2.6,6.4,0.397,4.3,8.1,0.531,0.56,2.6,3.6,0.705,1.1,4.3,5.4,4.1,1.1,0.7,1.9,3.0,18.8,CHI
13,Jevon Carter,29,PG,19,0,123,6.1,14.0,0.438,3.8,9.4,0.406,2.3,4.7,0.5,0.573,1.8,2.3,0.75,0.6,3.8,4.4,4.1,1.5,0.3,2.0,1.5,17.9,CHI
14,Torrey Craig,34,SF,9,1,113,7.0,14.3,0.489,4.8,11.2,0.429,2.2,3.2,0.7,0.656,1.0,1.3,0.75,2.5,5.4,8.0,1.6,0.6,0.3,0.0,4.8,19.8,CHI
15,Chris Duarte,27,SG,16,0,73,5.9,12.3,0.48,3.0,6.9,0.429,3.0,5.4,0.545,0.6,3.0,3.9,0.75,2.5,7.4,9.9,3.9,0.0,0.0,0.5,3.5,17.8,CHI
16,E.J. Liddell,24,PF,6,0,31,5.8,9.3,0.625,3.5,7.0,0.5,2.3,2.3,1.0,0.813,2.3,2.3,1.0,1.2,4.6,5.8,3.5,1.2,1.2,2.3,9.3,17.4,CHI
17,Adama Sanogo,22,C,4,0,21,6.9,12.0,0.571,0.0,0.0,,6.9,12.0,0.571,0.571,0.0,0.0,,8.6,1.7,10.3,1.7,0.0,0.0,1.7,1.7,13.7,CHI
1,Jakob Poeltl,29,C,38,37,1195,7.3,12.0,0.612,0.0,0.1,0.0,7.3,11.9,0.615,0.612,2.1,3.3,0.639,4.2,7.7,11.9,3.0,1.3,1.4,2.3,3.9,16.7,TOR
2,RJ Barrett,24,SF,35,35,1172,8.8,19.0,0.465,2.0,5.9,0.333,6.9,13.1,0.523,0.516,4.3,6.2,0.69,1.1,6.1,7.2,6.4,0.8,0.4,3.4,2.7,24.0,TOR
3,Ochai Agbaji,24,SG,39,33,1127,5.3,10.5,0.508,2.0,4.9,0.403,3.4,5.6,0.6,0.602,0.6,0.9,0.679,1.1,3.5,4.7,2.1,1.0,0.7,1.0,2.7,13.3,TOR
4,Gradey Dick,21,SG,37,37,1127,6.5,15.7,0.414,2.7,7.9,0.348,3.8,7.9,0.48,0.501,3.3,3.7,0.88,0.9,3.0,3.9,2.5,1.0,0.2,1.9,2.6,19.1,TOR
5,Scottie Barnes,23,PF,30,30,1042,7.9,17.2,0.463,1.5,5.4,0.277,6.5,11.8,0.547,0.506,3.2,4.4,0.73,1.7,6.7,8.4,6.9,1.6,1.0,3.5,2.3,20.6,TOR
6,Davion Mitchell,26,PG,38,18,931,3.4,8.1,0.421,1.3,3.9,0.337,2.1,4.2,0.5,0.502,0.9,1.4,0.657,0.6,2.4,2.9,6.7,1.1,0.3,2.4,3.8,9.0,TOR
7,Chris Boucher,32,PF,38,0,659,7.6,15.6,0.491,2.8,7.9,0.352,4.9,7.6,0.636,0.581,3.0,3.8,0.786,2.8,6.4,9.2,1.4,1.1,1.2,1.3,2.8,21.1,TOR
8,Jamal Shead,22,PG,39,0,630,4.7,10.9,0.429,1.8,4.9,0.376,2.9,6.1,0.472,0.513,0.9,1.3,0.682,0.6,1.8,2.4,7.4,1.4,0.2,3.2,3.9,12.1,TOR
9,Jonathan Mogbo,23,PF,36,6,589,4.3,9.2,0.464,0.5,1.5,0.32,3.8,7.7,0.492,0.49,2.1,2.9,0.729,3.9,5.3,9.1,3.4,1.6,1.0,1.9,4.0,11.2,TOR
10,Ja'Kobe Walter,20,SG,25,7,472,5.0,12.7,0.395,1.8,6.2,0.296,3.2,6.6,0.488,0.467,1.9,2.8,0.676,1.5,3.1,4.7,2.7,0.9,0.5,1.6,3.5,13.8,TOR
11,Jamison Battle,23,SF,34,0,428,5.5,11.9,0.458,3.7,8.9,0.415,1.8,3.0,0.583,0.613,1.0,1.2,0.857,1.6,3.6,5.2,2.6,0.3,0.3,1.0,3.0,15.6,TOR
12,Kelly Olynyk,33,C,20,1,306,5.4,10.8,0.5,1.9,3.9,0.485,3.5,6.9,0.508,0.587,3.3,4.4,0.757,2.2,5.8,8.0,5.2,1.6,0.9,3.5,5.4,16.0,TOR
13,Immanuel Quickley,25,PG,9,9,256,6.8,17.9,0.378,2.8,8.2,0.345,3.9,9.7,0.406,0.457,4.2,4.5,0.938,0.1,2.7,2.8,7.7,0.8,0.1,2.3,2.3,20.5,TOR
14,Bruce Brown,28,PG,10,0,189,5.9,13.5,0.437,1.3,3.6,0.368,4.6,9.9,0.462,0.486,2.1,2.7,0.786,2.3,4.6,6.9,2.5,1.3,0.4,1.7,3.0,15.2,TOR
15,Bruno Fernando,26,C,17,2,147,6.4,12.0,0.531,0.0,0.0,,6.4,12.0,0.531,0.531,1.5,2.0,0.75,5.1,7.3,12.5,4.4,1.0,2.2,3.4,6.6,14.2,TOR
16,Garrett Temple,38,SG,14,0,55,1.3,7.2,0.182,0.7,3.3,0.2,0.7,3.9,0.167,0.227,2.6,2.6,1.0,1.3,5.2,6.5,5.9,3.3,0.7,2.6,4.6,5.9,TOR
17,D.J. Carton,24,SG,4,0,33,1.1,7.6,0.143,0.0,3.3,0.0,1.1,4.4,0.25,0.143,1.1,1.1,1.0,0.0,4.4,4.4,3.3,2.2,0.0,4.4,1.1,3.3,TOR
18,Ulrich Chomche,19,PF,6,0,20,3.6,5.4,0.667,0.0,0.0,,3.6,5.4,0.667,0.667,1.8,3.6,0.5,5.4,5.4,10.8,3.6,0.0,0.0,3.6,7.2,9.0,TOR
19,A.J. Lawson,24,SG,4,0,15,9.6,19.2,0.5,4.8,12.0,0.4,4.8,7.2,0.667,0.625,2.4,7.2,0.333,2.4,4.8,7.2,0.0,0.0,0.0,0.0,0.0,26.4,TOR
20,Orlando Robinson,24,C,1,0,1,0.0,36.0,0.0,0.0,0.0,,0.0,36.0,0.0,0.0,0.0,0.0,,0.0,0.0,0.0,0.0,0.0,0.0,0.0,0.0,0.0,TOR
1,Kentavious Caldwell-Pope,31,SG,43,43,1310,3.9,9.2,0.42,1.8,5.8,0.318,2.0,3.4,0.592,0.519,1.4,1.6,0.912,0.4,1.9,2.3,2.4,1.9,0.7,1.1,2.3,11.0,ORL
2,Tristan Da Silva,23,SF,41,34,1070,4.5,11.0,0.41,1.7,5.4,0.311,2.8,5.6,0.506,0.486,1.1,1.3,0.825,1.7,3.9,5.7,2.4,0.6,0.3,1.3,2.2,11.8,ORL
3,Anthony Black,21,PG,41,4,1009,4.7,11.5,0.407,0.9,3.5,0.245,3.8,8.0,0.478,0.444,3.3,4.4,0.75,0.9,3.1,4.0,5.2,1.4,0.9,3.1,3.4,13.5,ORL
4,Jalen Suggs,23,PG,34,34,987,7.1,17.3,0.41,2.7,8.6,0.312,4.4,8.6,0.508,0.488,3.5,3.9,0.907,0.8,4.2,5.1,4.6,1.8,1.2,3.6,3.4,20.4,ORL
5,Goga Bitadze,25,C,36,33,886,5.9,9.6,0.619,0.1,0.8,0.105,5.9,8.8,0.664,0.623,2.1,3.0,0.68,4.1,8.0,12.0,3.5,1.3,2.4,2.1,3.5,14.0,ORL
6,Franz Wagner,23,SF,25,25,829,9.6,20.5,0.465,2.2,6.9,0.321,7.3,13.6,0.538,0.519,5.2,5.9,0.881,1.0,5.1,6.1,6.2,1.9,0.5,2.6,2.5,26.5,ORL
7,Wendell Carter Jr.,25,C,32,23,812,4.3,9.9,0.438,0.7,3.4,0.195,3.7,6.5,0.565,0.471,2.9,4.2,0.691,2.6,7.7,10.3,3.1,1.2,0.8,1.2,4.0,12.2,ORL
8,Cole Anthony,24,PG,41,8,666,6.9,17.1,0.405,2.0,6.6,0.303,4.9,10.5,0.469,0.464,2.8,3.7,0.765,1.4,4.9,6.3,6.0,1.3,0.6,3.5,4.4,18.6,ORL
9,Jonathan Isaac,27,PF,39,0,649,4.9,11.8,0.413,1.4,5.8,0.25,3.4,6.0,0.569,0.474,2.2,3.4,0.656,3.8,6.5,10.3,1.1,1.6,2.8,1.0,2.9,13.4,ORL
10,Moritz Wagner,27,C,30,1,564,8.9,15.9,0.562,1.7,4.8,0.36,7.2,11.1,0.649,0.616,5.0,7.0,0.718,2.6,6.9,9.4,2.7,1.5,0.8,3.1,3.5,24.6,ORL
11,Jett Howard,21,SF,37,0,415,5.3,13.9,0.381,3.0,9.9,0.307,2.3,4.0,0.565,0.491,1.2,1.4,0.875,1.3,2.8,4.1,2.1,0.4,0.5,1.5,3.3,14.8,ORL
12,Caleb Houstan,22,SF,32,5,394,2.7,8.6,0.319,2.4,7.5,0.317,0.4,1.1,0.333,0.457,0.8,0.8,1.0,1.1,1.8,2.9,1.4,0.6,0.3,0.5,3.2,8.7,ORL
13,Paolo Banchero,22,PF,11,11,352,9.6,20.6,0.468,2.3,6.1,0.367,7.4,14.4,0.511,0.522,7.0,10.4,0.667,1.7,7.2,8.9,5.1,0.7,0.9,3.6,2.6,28.4,ORL
14,Gary Harris,30,SG,20,2,326,3.2,8.0,0.403,2.1,6.0,0.352,1.1,2.0,0.556,0.535,0.4,0.9,0.5,1.1,1.7,2.8,1.1,1.4,0.6,1.0,1.5,8.9,ORL
15,Trevelin Queen,27,SG,18,2,319,4.4,10.9,0.402,1.8,5.8,0.314,2.6,5.2,0.5,0.485,0.9,1.0,0.889,1.7,1.9,3.6,3.3,2.4,0.9,1.9,3.5,11.5,ORL
16,Cory Joseph,33,PG,28,0,207,3.5,9.9,0.351,2.4,7.0,0.35,1.0,3.0,0.353,0.474,0.3,0.7,0.5,0.9,2.8,3.7,4.2,1.6,0.5,1.7,2.8,9.7,ORL
17,Mac McClung,26,SG,1,0,5,0.0,0.0,,0.0,0.0,,0.0,0.0,,,0.0,0.0,,0.0,7.2,7.2,14.4,0.0,0.0,0.0,0.0,0.0,ORL
1,Donovan Mitchell,28,SG,41,41,1281,9.4,21.3,0.443,4.2,10.5,0.396,5.3,10.8,0.488,0.54,3.8,4.5,0.832,0.8,4.4,5.2,5.1,1.6,0.3,2.2,2.3,26.8,CLE
2,Darius Garland,25,PG,42,42,1266,9.0,18.2,0.498,3.5,8.2,0.429,5.5,10.0,0.554,0.594,3.7,4.3,0.873,0.6,2.4,3.0,8.0,1.4,0.3,2.9,2.4,25.3,CLE
3,Jarrett Allen,26,C,43,43,1240,7.2,10.2,0.709,0.0,0.0,0.0,7.2,10.1,0.711,0.709,3.2,4.3,0.745,3.3,9.2,12.5,2.4,1.2,1.2,1.3,1.7,17.6,CLE
4,Evan Mobley,23,PF,38,38,1147,8.5,14.8,0.573,1.4,3.4,0.421,7.1,11.5,0.617,0.621,3.8,4.9,0.774,2.4,8.1,10.5,3.5,1.1,1.7,2.4,2.4,22.2,CLE
5,Georges Niang,31,PF,43,1,871,5.7,12.1,0.476,3.0,7.6,0.391,2.8,4.5,0.62,0.599,0.6,0.8,0.789,1.3,5.5,6.7,2.5,0.6,0.2,1.8,4.1,15.1,CLE
6,Caris LeVert,30,SF,35,2,843,5.6,11.8,0.473,2.5,5.9,0.42,3.1,5.9,0.525,0.578,2.5,3.5,0.699,0.9,3.5,4.4,5.6,1.3,0.8,2.0,1.9,16.1,CLE
7,Dean Wade,28,PF,34,25,779,3.3,8.1,0.409,2.4,6.8,0.354,0.9,1.3,0.69,0.557,0.6,1.2,0.52,1.6,6.6,8.1,2.4,1.3,0.7,0.5,3.1,9.7,CLE
8,Ty Jerome,27,SG,40,2,716,7.5,15.0,0.503,2.8,6.5,0.423,4.8,8.4,0.565,0.596,3.1,3.5,0.884,1.4,3.2,4.6,6.6,2.4,0.1,2.3,2.9,20.9,CLE
9,Sam Merrill,28,SG,36,2,656,4.3,11.7,0.371,3.3,10.0,0.333,1.0,1.6,0.6,0.514,1.0,1.1,0.95,0.9,2.7,3.6,3.2,1.1,0.4,0.9,3.6,13.1,CLE
10,Isaac Okoro,24,SG,28,16,551,3.7,8.6,0.427,2.0,5.1,0.397,1.6,3.5,0.472,0.546,1.2,1.6,0.72,1.4,2.4,3.8,3.0,1.2,0.7,0.7,3.7,10.5,CLE
11,Max Strus,28,SF,15,2,346,4.1,10.3,0.394,3.1,8.4,0.37,0.9,1.9,0.5,0.545,0.4,0.5,0.8,1.2,4.2,5.4,4.7,0.6,0.4,1.8,2.6,11.7,CLE
12,Craig Porter Jr.,24,PG,25,0,193,4.7,7.8,0.595,1.3,2.4,0.538,3.4,5.4,0.621,0.679,1.1,1.5,0.75,0.6,3.0,3.5,5.0,0.9,1.5,2.1,1.9,11.8,CLE
13,Jaylon Tyson,22,SG,26,1,189,4.2,9.9,0.423,1.3,3.8,0.35,2.9,6.1,0.469,0.49,1.1,1.9,0.6,3.0,5.9,9.0,3.4,1.3,0.0,2.1,4.8,10.9,CLE
14,Tristan Thompson,33,C,19,0,155,4.2,8.8,0.474,0.0,0.5,0.0,4.2,8.4,0.5,0.474,1.2,4.6,0.25,3.3,9.8,13.0,2.8,0.2,1.4,1.6,3.5,9.5,CLE
15,Luke Travers,23,SG,6,0,42,2.6,6.0,0.429,0.0,2.6,0.0,2.6,3.4,0.75,0.429,1.7,1.7,1.0,0.9,4.3,5.1,4.3,0.9,0.9,1.7,2.6,6.9,CLE
16,JT Thor,22,PF,8,0,39,8.3,12.9,0.643,2.8,4.6,0.6,5.5,8.3,0.667,0.75,6.5,7.4,0.875,2.8,2.8,5.5,0.9,1.8,2.8,5.5,5.5,25.8,CLE
17,Emoni Bates,21,SF,1,0,6,0.0,12.0,0.0,0.0,12.0,0.0,0.0,0.0,,0.0,0.0,0.0,,0.0,0.0,0.0,0.0,0.0,0.0,0.0,0.0,0.0,CLE
1,Cade Cunningham,23,PG,40,40,1423,9.4,20.5,0.457,2.4,6.5,0.371,7.0,14.0,0.496,0.515,3.8,4.6,0.814,0.9,5.7,6.6,9.5,0.9,0.9,4.7,2.8,24.9,DET
2,Tobias Harris,32,PF,42,42,1361,5.5,12.2,0.448,1.6,4.4,0.353,3.9,7.8,0.502,0.512,2.0,2.4,0.865,1.1,5.8,6.9,2.8,0.9,0.9,1.3,2.2,14.5,DET
3,Malik Beasley,28,SG,44,11,1233,7.3,17.1,0.426,4.7,11.9,0.398,2.6,5.3,0.489,0.564,1.5,2.1,0.694,0.7,3.0,3.7,2.3,1.1,0.1,1.5,1.9,20.8,DET
4,Tim Hardaway Jr.,32,SG,40,40,1134,4.6,10.9,0.421,2.7,7.2,0.379,1.8,3.7,0.504,0.547,2.2,2.7,0.821,0.2,2.5,2.7,1.9,0.6,0.0,0.9,1.6,14.1,DET
5,Jalen Duren,21,C,41,41,1030,6.0,8.5,0.708,0.0,0.0,,6.0,8.5,0.708,0.708,2.4,3.8,0.648,4.8,9.2,14.0,3.3,0.9,1.7,2.7,4.6,14.5,DET
6,Jaden Ivey,22,SG,30,30,898,7.6,16.6,0.46,2.5,6.2,0.409,5.1,10.4,0.49,0.536,3.4,4.7,0.733,1.6,3.4,5.0,4.8,1.1,0.4,3.6,2.7,21.2,DET
7,Isaiah Stewart,23,C,40,3,833,3.9,7.7,0.511,0.3,1.4,0.242,3.6,6.3,0.572,0.534,1.4,1.6,0.868,3.7,6.9,10.5,3.1,0.8,2.3,1.5,4.4,9.6,DET
8,Simone Fontecchio,29,SF,39,0,698,4.4,10.8,0.41,2.4,6.7,0.357,2.1,4.2,0.494,0.519,2.1,2.6,0.8,1.4,4.5,5.9,1.8,0.6,0.3,1.7,2.7,13.3,DET
9,Ron Holland,19,SF,44,1,686,5.6,12.0,0.469,1.1,4.6,0.241,4.5,7.4,0.61,0.515,2.2,2.7,0.804,1.1,5.4,6.5,1.8,1.1,0.4,2.0,4.1,14.5,DET
10,Marcus Sasser,24,PG,33,0,460,5.9,12.6,0.466,2.4,6.6,0.369,3.4,6.0,0.571,0.562,1.3,1.5,0.895,0.9,2.3,3.3,5.3,1.6,0.3,2.2,3.2,15.5,DET
11,Ausar Thompson,22,SF,22,11,423,6.4,12.6,0.507,0.6,2.6,0.233,5.8,10.0,0.576,0.53,1.8,3.2,0.553,2.8,6.0,8.9,3.1,2.7,0.7,2.6,4.7,15.1,DET
12,Paul Reed,25,C,23,0,241,6.1,10.8,0.569,0.7,2.4,0.313,5.4,8.4,0.643,0.604,3.1,3.7,0.84,2.4,5.4,7.8,3.6,3.9,2.1,1.8,5.4,16.1,DET
13,Wendell Moore Jr.,23,SG,17,1,211,3.8,8.2,0.458,0.5,2.2,0.231,3.2,6.0,0.543,0.49,2.2,2.4,0.929,1.9,5.6,7.5,3.8,1.7,0.5,1.5,2.6,10.2,DET
14,Cole Swider,25,SF,2,0,13,0.0,13.8,0.0,0.0,13.8,0.0,0.0,0.0,,0.0,0.0,0.0,,0.0,5.5,5.5,2.8,0.0,0.0,0.0,2.8,0.0,DET
15,Daniss Jenkins,23,PG,3,0,8,0.0,18.0,0.0,0.0,18.0,0.0,0.0,0.0,,0.0,0.0,0.0,,0.0,0.0,0.0,0.0,0.0,0.0,4.5,4.5,0.0,DET
16,Bobi Klintman,21,SF,1,0,4,0.0,0.0,,0.0,0.0,,0.0,0.0,,,0.0,0.0,,0.0,18.0,18.0,0.0,0.0,0.0,0.0,18.0,0.0,DET
17,Alondes Williams,25,SG,1,0,4,18.0,18.0,1.0,9.0,9.0,1.0,9.0,9.0,1.0,1.25,0.0,0.0,,0.0,0.0,0.0,9.0,0.0,0.0,0.0,0.0,45.0,DET
1,Shai Gilgeous-Alexander,26,PG,42,42,1436,11.9,22.4,0.53,2.1,6.1,0.348,9.7,16.2,0.599,0.578,7.9,8.7,0.902,0.9,4.8,5.7,6.4,2.2,1.2,2.8,2.3,33.7,OKC
2,Jalen Williams,23,SG,42,42,1365,8.9,18.7,0.475,1.8,5.5,0.338,7.0,13.2,0.532,0.525,3.3,4.2,0.785,0.9,5.3,6.2,5.7,2.0,0.8,2.6,2.8,22.9,OKC
3,Luguentz Dort,25,SF,42,42,1226,4.2,10.1,0.414,2.8,6.9,0.415,1.4,3.3,0.414,0.555,0.9,1.1,0.811,1.7,3.6,5.3,2.1,1.3,0.8,0.9,3.8,12.1,OKC
4,Cason Wallace,21,SG,42,28,1168,4.0,8.8,0.456,1.3,3.9,0.341,2.7,5.0,0.547,0.531,0.4,0.6,0.778,1.4,3.1,4.5,3.2,2.3,0.8,0.9,2.8,9.8,OKC
5,Aaron Wiggins,26,SG,43,12,899,6.5,13.2,0.494,2.4,6.0,0.391,4.2,7.2,0.581,0.583,1.1,1.3,0.848,1.7,4.2,6.0,2.7,1.3,0.4,1.5,2.3,16.5,OKC
6,Isaiah Joe,25,SG,40,11,823,5.7,13.4,0.423,4.1,10.5,0.388,1.6,2.9,0.552,0.575,0.7,0.9,0.75,0.7,3.7,4.4,2.4,1.4,0.3,0.8,2.8,16.1,OKC
7,Isaiah Hartenstein,26,C,24,23,715,6.0,10.8,0.561,0.0,0.6,0.0,6.0,10.2,0.591,0.561,2.1,3.1,0.677,3.4,11.3,14.7,5.0,1.1,1.5,2.4,3.5,14.2,OKC
8,Ajay Mitchell,22,SG,34,1,561,5.4,10.7,0.506,1.4,3.3,0.431,4.0,7.4,0.539,0.572,1.8,2.1,0.848,1.1,3.2,4.3,3.7,1.5,0.2,1.8,3.8,14.0,OKC
9,Alex Caruso,30,SG,25,0,489,4.0,10.5,0.385,1.7,5.8,0.291,2.4,4.7,0.5,0.465,0.7,0.8,0.818,1.1,4.0,5.1,4.6,3.5,1.0,1.2,3.5,10.5,OKC
10,Kenrich Williams,30,PF,32,0,442,5.6,11.6,0.486,2.2,5.9,0.375,3.4,5.7,0.6,0.581,1.1,1.2,0.933,2.2,6.0,8.2,2.5,1.5,0.4,1.5,4.1,14.6,OKC
11,Chet Holmgren,22,C,10,10,265,7.6,15.1,0.505,1.9,5.0,0.378,5.7,10.1,0.568,0.568,5.2,6.7,0.776,2.2,9.6,11.8,2.7,1.1,3.5,3.1,2.4,22.3,OKC
12,Jaylin Williams,22,PF,16,4,251,4.7,11.6,0.407,2.9,8.6,0.333,1.9,3.0,0.619,0.531,0.3,0.3,1.0,2.7,7.7,10.5,5.2,1.0,1.3,1.3,3.6,12.6,OKC
13,Ousmane Dieng,21,C,24,0,249,4.2,11.7,0.358,1.9,6.9,0.271,2.3,4.8,0.485,0.438,1.4,2.2,0.667,1.6,6.2,7.8,2.5,1.9,0.7,0.9,3.0,11.7,OKC
14,Dillon Jones,23,SF,27,0,229,3.5,10.2,0.338,1.1,5.8,0.189,2.4,4.4,0.536,0.392,1.3,2.2,0.571,2.8,5.2,8.0,3.1,0.8,0.3,1.6,3.9,9.3,OKC
15,Branden Carlson,25,C,14,0,92,5.9,13.3,0.441,4.3,10.6,0.407,1.6,2.7,0.571,0.603,0.8,0.8,1.0,2.0,7.8,9.8,2.3,0.8,2.3,0.8,3.1,16.8,OKC
16,Adam Flagler,25,SG,15,0,56,3.2,19.9,0.161,3.2,18.0,0.179,0.0,1.9,0.0,0.242,0.0,0.0,,1.9,3.2,5.1,0.0,1.3,0.6,0.6,3.9,9.6,OKC
17,Alex Ducas,24,SG,9,0,31,4.6,10.5,0.444,4.6,9.3,0.5,0.0,1.2,0.0,0.667,0.0,0.0,,1.2,2.3,3.5,1.2,1.2,0.0,1.2,3.5,13.9,OKC
18,Malevy Leons,25,SF,6,0,21,0.0,3.4,0.0,0.0,1.7,0.0,0.0,1.7,0.0,0.0,3.4,6.9,0.5,1.7,3.4,5.1,1.7,0.0,0.0,1.7,6.9,3.4,OKC
19,Alex Reese,25,PF,1,0,2,18.0,18.0,1.0,0.0,0.0,,18.0,18.0,1.0,1.0,0.0,0.0,,18.0,0.0,18.0,0.0,0.0,0.0,0.0,0.0,36.0,OKC
1,Collin Sexton,26,SG,40,38,1158,8.2,17.0,0.48,2.4,5.7,0.413,5.8,11.3,0.514,0.549,4.0,4.5,0.89,1.2,2.3,3.5,5.1,0.9,0.1,3.3,2.7,22.8,UTA
2,Lauri Markkanen,27,PF,32,32,1014,7.2,16.9,0.427,3.5,9.6,0.363,3.7,7.3,0.512,0.531,4.8,5.5,0.883,2.0,4.9,6.9,2.1,0.9,0.4,1.6,2.0,22.7,UTA
3,Walker Kessler,23,C,34,34,1013,5.9,8.1,0.727,0.1,0.1,0.5,5.8,7.9,0.731,0.731,1.8,3.3,0.543,5.4,8.5,13.9,1.8,0.6,2.9,1.7,2.5,13.6,UTA
4,Keyonte George,21,PG,32,32,1010,6.2,16.0,0.391,3.1,9.0,0.349,3.1,7.0,0.444,0.489,3.2,4.0,0.804,0.6,3.4,4.0,6.6,0.9,0.2,3.4,2.0,18.8,UTA
5,John Collins,27,PF,28,19,834,8.0,15.1,0.531,1.8,4.0,0.446,6.3,11.1,0.562,0.59,4.0,4.6,0.869,2.8,7.3,10.1,3.0,1.3,1.1,3.2,3.5,21.8,UTA
6,Isaiah Collier,20,PG,34,9,712,3.3,9.5,0.351,0.8,3.4,0.224,2.6,6.1,0.421,0.391,1.2,1.9,0.605,0.6,4.0,4.7,8.1,1.3,0.4,4.4,3.4,8.6,UTA
7,Brice Sensabaugh,21,SF,32,0,592,7.1,15.3,0.464,3.6,9.2,0.395,3.5,6.1,0.57,0.583,1.9,2.0,0.939,1.2,4.3,5.5,2.7,1.0,0.2,3.0,2.7,19.8,UTA
8,Kyle Filipowski,21,C,32,8,583,4.4,9.3,0.477,1.2,4.0,0.297,3.3,5.4,0.609,0.54,1.7,2.8,0.6,2.0,7.5,9.5,3.4,1.2,0.2,1.9,3.8,11.7,UTA
9,Johnny Juzang,23,SG,32,5,571,5.0,11.9,0.418,3.4,8.5,0.4,1.6,3.4,0.463,0.561,1.4,1.6,0.88,1.2,4.4,5.5,2.1,0.8,0.3,1.0,3.9,14.8,UTA
10,Jordan Clarkson,32,SG,22,3,562,7.6,18.4,0.413,2.6,7.8,0.339,5.0,10.7,0.467,0.484,4.7,5.8,0.811,0.9,3.8,4.7,5.4,1.2,0.4,3.5,2.1,22.5,UTA
11,Cody Williams,20,SG,26,12,545,2.4,7.9,0.3,1.0,4.2,0.238,1.4,3.8,0.368,0.363,0.9,1.5,0.636,0.9,2.9,3.8,2.3,0.9,0.7,1.5,3.2,6.7,UTA
12,Drew Eubanks,27,C,33,2,502,5.4,8.7,0.615,0.2,0.4,0.6,5.2,8.4,0.615,0.627,2.5,3.9,0.648,2.6,8.4,11.0,2.9,0.6,2.0,2.2,3.1,13.5,UTA
13,Svi Mykhailiuk,27,SF,16,7,294,7.0,16.4,0.425,4.2,11.9,0.351,2.8,4.5,0.622,0.552,1.3,1.7,0.786,0.6,3.6,4.2,3.4,1.6,0.6,3.3,2.6,19.5,UTA
14,Micah Potter,26,C,16,6,277,2.5,6.5,0.38,1.7,5.1,0.333,0.8,1.4,0.545,0.51,0.4,0.4,1.0,2.2,5.8,8.1,1.7,0.5,0.8,1.3,2.3,7.0,UTA
15,Patty Mills,36,PG,16,0,246,3.8,10.8,0.351,2.5,8.0,0.309,1.3,2.8,0.474,0.466,0.7,0.7,1.0,0.4,2.3,2.8,3.1,1.8,0.4,2.3,1.8,10.8,UTA
16,Elijah Harkless,24,SG,6,0,96,2.3,7.9,0.286,1.5,6.0,0.25,0.8,1.9,0.4,0.381,1.1,2.3,0.5,2.3,2.6,4.9,1.9,2.6,0.0,0.7,4.1,7.1,UTA
17,Taylor Hendricks,21,PF,3,3,75,1.9,8.6,0.222,1.4,5.8,0.25,0.5,2.9,0.167,0.306,1.4,1.9,0.75,2.4,4.8,7.2,1.0,2.4,1.9,1.0,3.8,6.7,UTA
18,Oscar Tshiebwe,25,C,3,0,46,3.1,4.7,0.667,0.0,0.0,,3.1,4.7,0.667,0.667,4.7,6.3,0.75,3.9,11.7,15.7,0.0,3.1,0.0,0.8,7.8,11.0,UTA
1,Devin Booker,28,SG,38,38,1396,8.2,18.5,0.446,2.6,7.6,0.346,5.6,10.9,0.515,0.517,6.1,6.8,0.89,1.0,2.8,3.8,6.5,1.2,0.3,2.4,2.2,25.1,PHO
2,Tyus Jones,28,PG,42,42,1258,5.1,10.8,0.473,2.5,5.9,0.417,2.6,4.9,0.541,0.588,0.9,1.0,0.861,0.7,2.3,3.0,7.4,1.1,0.1,1.6,1.3,13.5,PHO
3,Kevin Durant,36,PF,33,33,1183,9.8,18.8,0.523,2.2,5.6,0.384,7.7,13.2,0.582,0.58,5.4,6.6,0.829,0.5,6.1,6.5,4.1,0.8,1.4,3.1,1.7,27.3,PHO
4,Bradley Beal,31,SG,30,23,980,7.3,15.1,0.485,2.2,5.8,0.386,5.1,9.3,0.547,0.559,1.9,2.5,0.75,0.7,3.2,3.9,3.6,1.2,0.8,2.1,2.8,18.8,PHO
5,Royce O'Neale,31,SF,37,9,938,4.8,11.2,0.43,3.3,7.9,0.413,1.5,3.3,0.471,0.576,0.7,0.8,0.773,1.3,6.4,7.7,3.0,1.3,0.8,1.6,3.2,13.5,PHO
6,Grayson Allen,29,SG,34,1,826,5.1,11.3,0.45,3.6,8.3,0.429,1.5,3.0,0.507,0.608,2.5,2.9,0.851,0.8,3.8,4.6,2.8,1.4,0.4,1.6,2.1,16.3,PHO
7,Ryan Dunn,22,SF,39,23,800,5.4,11.8,0.454,2.0,6.3,0.317,3.4,5.5,0.61,0.538,0.4,0.9,0.474,1.8,4.4,6.1,1.7,0.9,1.2,0.7,4.3,13.1,PHO
8,Mason Plumlee,34,C,42,18,732,3.2,5.6,0.584,0.0,0.1,0.0,3.2,5.5,0.595,0.584,1.9,3.0,0.613,3.4,9.6,13.0,3.9,1.0,1.4,1.8,4.4,8.4,PHO
9,Jusuf NurkiÄ,30,C,25,23,592,4.5,9.9,0.454,1.2,3.6,0.322,3.3,6.3,0.529,0.512,2.9,4.2,0.696,2.8,11.1,13.9,2.9,1.4,1.0,3.5,4.7,13.1,PHO
10,Oso Ighodaro,22,PF,36,2,581,3.6,6.4,0.558,0.0,0.1,0.0,3.6,6.3,0.569,0.558,1.2,2.2,0.543,2.1,5.8,7.9,2.2,1.1,0.8,1.3,3.8,8.4,PHO
11,Monte Morris,29,PG,36,0,483,4.9,11.6,0.426,1.5,4.9,0.303,3.4,6.6,0.517,0.49,2.5,3.0,0.85,0.7,3.4,4.1,4.6,1.1,0.2,1.2,1.4,13.9,PHO
12,Josh Okogie,26,SG,25,1,351,5.7,11.7,0.491,1.6,4.3,0.381,4.1,7.4,0.556,0.561,2.3,3.3,0.688,3.3,4.1,7.4,1.4,2.2,1.0,1.6,2.9,15.4,PHO
13,Nick Richards,27,C,3,2,73,5.9,7.9,0.75,0.0,0.0,,5.9,7.9,0.75,0.75,4.4,5.4,0.818,3.9,10.8,14.8,1.0,0.5,1.0,2.5,4.9,16.3,PHO
14,Bol Bol,25,PF,11,0,66,7.1,13.1,0.542,1.6,6.0,0.273,5.5,7.1,0.769,0.604,3.3,5.5,0.6,2.7,7.1,9.8,0.5,0.0,1.1,2.7,1.1,19.1,PHO
15,Damion Lee,32,SG,10,0,60,5.4,17.4,0.31,1.8,9.0,0.2,3.6,8.4,0.429,0.362,6.0,6.0,1.0,0.6,4.8,5.4,4.2,1.2,0.0,3.0,1.2,18.6,PHO
16,TyTy Washington Jr.,23,PG,4,0,28,3.9,7.7,0.5,2.6,3.9,0.667,1.3,3.9,0.333,0.667,0.0,0.0,,0.0,1.3,1.3,5.1,2.6,0.0,1.3,0.0,10.3,PHO
17,Jalen Bridges,23,SF,4,0,17,0.0,6.4,0.0,0.0,6.4,0.0,0.0,0.0,,0.0,2.1,4.2,0.5,0.0,6.4,6.4,0.0,0.0,0.0,4.2,0.0,2.1,PHO
18,Collin Gillespie,25,PG,2,0,6,12.0,18.0,0.667,6.0,6.0,1.0,6.0,12.0,0.5,0.833,0.0,0.0,,6.0,0.0,6.0,0.0,0.0,0.0,0.0,6.0,30.0,PHO
1,James Harden,35,PG,40,40,1343,6.7,17.0,0.394,3.1,8.9,0.344,3.6,8.1,0.449,0.484,6.4,7.2,0.888,0.6,5.6,6.2,8.7,1.5,0.7,4.9,2.1,22.9,LAC
2,Ivica Zubac,27,C,41,41,1306,7.6,12.3,0.615,0.0,0.0,,7.6,12.3,0.615,0.615,1.8,3.3,0.559,4.3,10.0,14.3,2.9,0.8,1.4,2.0,2.2,17.0,LAC
3,Norman Powell,31,SG,35,35,1150,9.0,18.3,0.49,3.9,8.7,0.441,5.1,9.6,0.534,0.595,4.2,5.0,0.832,0.3,3.4,3.8,2.4,1.4,0.2,2.3,2.1,26.0,LAC
4,Amir Coffey,27,SG,42,10,1089,5.1,10.7,0.477,2.2,5.2,0.423,2.9,5.6,0.527,0.578,2.3,2.5,0.896,0.7,2.9,3.6,1.7,0.8,0.1,1.0,2.3,14.7,LAC
5,Derrick Jones Jr.,27,SF,41,38,1003,6.1,11.8,0.512,1.5,4.1,0.36,4.6,7.8,0.593,0.574,1.5,1.9,0.796,1.8,3.2,5.0,1.3,1.8,0.5,1.4,2.9,15.1,LAC
6,Kris Dunn,30,PG,42,29,950,3.9,9.3,0.423,1.5,4.9,0.305,2.5,4.5,0.551,0.502,0.2,0.5,0.5,1.1,4.1,5.2,4.3,2.4,0.5,1.8,3.9,9.6,LAC
7,Kevin Porter Jr.,24,SG,38,2,759,7.2,17.0,0.422,1.1,4.6,0.247,6.0,12.4,0.487,0.455,2.1,3.4,0.634,1.0,5.1,6.2,6.1,1.8,0.5,3.6,2.8,17.6,LAC
8,Nicolas Batum,36,PF,42,1,744,2.2,5.7,0.381,1.7,4.6,0.375,0.4,1.1,0.409,0.534,0.5,0.6,0.769,1.4,4.5,5.9,2.9,1.3,0.9,1.0,3.1,6.6,LAC
9,Terance Mann,28,SG,30,12,620,4.6,9.9,0.471,1.3,3.7,0.365,3.3,6.2,0.533,0.538,1.2,1.7,0.7,1.5,3.6,5.1,3.0,1.5,0.5,1.3,3.3,11.8,LAC
10,Jordan Miller,25,SF,27,0,368,5.3,12.3,0.429,0.8,3.5,0.222,4.5,8.8,0.511,0.46,2.5,3.2,0.788,2.2,2.9,5.1,2.9,1.5,0.5,2.2,2.1,13.9,LAC
11,Mo Bamba,26,C,26,2,332,4.8,10.3,0.463,1.3,4.9,0.267,3.5,5.4,0.64,0.526,1.6,2.5,0.652,2.6,9.8,12.4,1.5,1.0,2.4,1.8,4.9,12.5,LAC
12,Bones Hyland,24,PG,19,0,215,6.9,18.4,0.373,4.9,12.9,0.377,2.0,5.5,0.364,0.505,3.5,4.0,0.875,0.8,3.2,4.0,4.7,2.8,0.7,3.9,3.9,22.1,LAC
13,Kai Jones,24,C,26,0,202,4.5,6.2,0.714,0.0,0.4,0.0,4.5,5.9,0.758,0.714,1.6,2.1,0.75,2.5,5.3,7.8,1.8,1.1,2.3,1.8,4.1,10.5,LAC
14,Kobe Brown,25,PF,14,0,139,5.4,11.4,0.477,1.0,3.9,0.267,4.4,7.5,0.586,0.523,0.8,1.0,0.75,3.1,7.8,10.9,3.1,0.8,0.5,1.3,3.6,12.7,LAC
15,Kawhi Leonard,33,SF,5,5,109,8.9,18.2,0.491,2.0,5.6,0.353,6.9,12.6,0.553,0.545,2.6,3.3,0.8,1.0,3.3,4.3,2.6,2.0,0.0,1.7,0.7,22.5,LAC
16,Cam Christie,19,SG,4,0,25,2.9,11.5,0.25,1.4,7.2,0.2,1.4,4.3,0.333,0.313,1.4,2.9,0.5,1.4,5.8,7.2,1.4,2.9,0.0,2.9,1.4,8.6,LAC
17,Trentyn Flowers,19,SF,2,0,16,9.0,20.3,0.444,0.0,4.5,0.0,9.0,15.8,0.571,0.444,2.3,2.3,1.0,2.3,6.8,9.0,0.0,0.0,0.0,2.3,6.8,20.3,LAC
1,Michael Porter Jr.,26,SF,43,43,1432,7.5,14.5,0.517,2.8,6.7,0.418,4.7,7.7,0.603,0.614,2.0,2.8,0.709,1.7,5.4,7.0,2.5,0.7,0.5,1.4,2.0,19.7,DEN
2,Christian Braun,23,SG,42,42,1376,6.0,10.4,0.571,1.0,2.7,0.369,5.0,7.7,0.642,0.619,2.4,2.9,0.818,1.4,3.8,5.2,2.1,1.2,0.6,1.1,2.5,15.3,DEN
3,Nikola JokiÄ,29,C,37,37,1347,11.3,20.0,0.563,2.0,4.3,0.475,9.2,15.8,0.586,0.613,5.1,6.3,0.81,3.4,9.6,13.0,9.8,1.9,0.6,3.0,2.0,29.7,DEN
4,Jamal Murray,27,PG,37,37,1323,7.3,16.1,0.452,2.1,5.7,0.376,5.1,10.4,0.493,0.519,3.2,3.7,0.867,0.5,3.5,4.0,6.1,1.5,0.6,2.3,1.7,19.9,DEN
5,Russell Westbrook,36,PG,43,22,1171,6.4,13.8,0.465,1.6,4.8,0.342,4.8,9.0,0.531,0.524,2.7,4.2,0.645,1.7,4.9,6.7,8.7,2.0,0.7,3.9,3.3,17.2,DEN
6,Peyton Watson,22,SF,43,12,1045,4.5,9.5,0.476,1.1,3.1,0.344,3.4,6.4,0.541,0.533,2.5,3.3,0.768,1.2,3.9,5.0,2.1,1.2,1.8,1.3,2.6,12.6,DEN
7,Julian Strawther,22,SG,43,0,950,5.5,12.4,0.446,2.6,6.7,0.382,3.0,5.6,0.523,0.55,2.1,2.4,0.859,0.5,3.1,3.5,2.3,1.1,0.5,1.3,4.0,15.7,DEN
8,Aaron Gordon,29,PF,22,16,591,6.3,11.6,0.542,1.6,3.8,0.435,4.6,7.8,0.594,0.613,4.0,5.0,0.793,2.1,4.9,7.1,3.7,0.5,0.3,1.9,2.2,18.2,DEN
9,DeAndre Jordan,36,C,31,2,373,4.7,7.4,0.636,0.0,0.0,,4.7,7.4,0.636,0.636,1.2,2.8,0.414,3.7,9.8,13.5,2.5,1.0,1.5,2.2,4.0,10.6,DEN
10,Hunter Tyson,24,PF,32,0,241,3.3,8.4,0.393,1.6,5.1,0.324,1.6,3.3,0.5,0.491,2.1,2.5,0.824,1.5,5.4,6.9,1.9,0.6,0.6,1.3,4.6,10.3,DEN
11,Dario Å ariÄ,30,C,13,4,192,3.4,10.1,0.333,1.1,4.5,0.25,2.3,5.6,0.4,0.389,1.3,1.9,0.7,2.4,6.4,8.8,4.1,1.3,0.2,2.6,3.4,9.2,DEN
12,Jalen Pickett,25,SG,17,0,131,5.2,10.2,0.514,2.5,5.8,0.429,2.7,4.4,0.625,0.635,0.3,0.3,1.0,0.8,3.3,4.1,7.4,0.5,0.3,1.9,2.7,13.2,DEN
13,Zeke Nnaji,24,PF,26,0,116,4.3,9.6,0.452,0.0,2.8,0.0,4.3,6.8,0.636,0.452,0.9,2.2,0.429,0.6,3.1,3.7,1.2,0.3,0.9,1.2,2.8,9.6,DEN
14,Trey Alexander,21,SG,14,0,62,2.3,10.5,0.222,1.2,5.2,0.222,1.2,5.2,0.222,0.278,1.2,1.2,1.0,0.0,2.3,2.3,3.5,0.6,0.6,0.6,2.9,7.0,DEN
15,Vlatko ÄanÄar,27,PF,4,0,34,4.2,7.4,0.571,1.1,2.1,0.5,3.2,5.3,0.6,0.643,0.0,0.0,,3.2,5.3,8.5,0.0,0.0,1.1,2.1,4.2,9.5,DEN
16,PJ Hall,22,C,9,0,22,6.5,11.5,0.571,0.0,3.3,0.0,6.5,8.2,0.8,0.571,1.6,3.3,0.5,1.6,11.5,13.1,3.3,0.0,1.6,1.6,4.9,14.7,DEN
17,Spencer Jones,23,SF,5,0,13,2.8,11.1,0.25,0.0,8.3,0.0,2.8,2.8,1.0,0.25,0.0,0.0,,0.0,8.3,8.3,0.0,5.5,0.0,2.8,2.8,5.5,DEN
1,LeBron James,40,SF,38,38,1328,9.4,18.4,0.513,2.3,5.9,0.398,7.1,12.5,0.566,0.576,3.3,4.3,0.763,0.9,6.8,7.7,9.2,0.9,0.6,3.9,1.5,24.5,LAL
2,Anthony Davis,31,C,38,38,1326,9.7,18.6,0.523,0.8,2.4,0.318,9.0,16.2,0.554,0.544,6.2,8.0,0.782,2.8,9.5,12.3,3.6,1.3,2.3,2.3,2.0,26.5,LAL
3,Austin Reaves,26,SG,36,36,1256,6.3,14.3,0.44,2.7,7.4,0.362,3.6,7.0,0.523,0.533,3.6,4.3,0.841,0.9,3.4,4.3,6.2,1.1,0.2,2.6,2.2,18.9,LAL
4,Rui Hachimura,26,PF,36,36,1157,5.2,10.6,0.491,1.6,4.0,0.411,3.5,6.6,0.54,0.569,1.6,2.1,0.768,1.8,4.0,5.8,1.7,1.0,0.6,1.1,2.1,13.7,LAL
5,Max Christie,21,SG,40,19,970,4.0,9.1,0.439,1.7,4.9,0.356,2.3,4.2,0.535,0.535,2.6,3.0,0.852,0.9,2.7,3.6,2.0,1.3,0.7,1.2,2.2,12.3,LAL
6,Dalton Knecht,23,SF,41,12,861,5.6,12.5,0.45,2.6,7.6,0.341,3.1,4.9,0.619,0.553,1.8,2.2,0.808,1.0,4.4,5.4,1.7,0.6,0.1,0.8,2.2,15.6,LAL
7,D'Angelo Russell,28,PG,29,10,763,6.1,14.7,0.415,2.6,7.9,0.333,3.4,6.7,0.51,0.505,2.1,2.5,0.849,0.4,3.4,3.8,6.4,1.1,0.2,2.4,2.5,16.9,LAL
8,Gabe Vincent,28,PG,37,5,730,3.3,8.3,0.393,1.7,5.4,0.312,1.6,2.9,0.542,0.494,0.2,0.5,0.5,0.5,1.8,2.4,2.1,1.4,0.4,1.2,3.6,8.4,LAL
9,Cam Reddish,25,SF,29,8,539,2.4,5.7,0.424,0.9,3.0,0.289,1.5,2.7,0.575,0.5,0.9,1.4,0.619,1.0,3.1,4.1,1.5,2.0,0.7,0.8,2.8,6.5,LAL
10,Jaxson Hayes,24,C,20,3,330,4.5,7.0,0.641,0.0,0.1,0.0,4.5,6.9,0.651,0.641,2.6,3.5,0.75,3.1,5.5,8.5,1.6,0.9,1.6,1.1,4.7,11.6,LAL
11,Christian Koloko,24,C,22,0,203,3.7,6.4,0.583,0.0,0.4,0.0,3.7,6.0,0.618,0.583,0.5,0.7,0.75,4.4,5.1,9.6,1.2,1.1,1.4,1.2,4.6,8.0,LAL
12,Dorian Finney-Smith,31,PF,8,0,186,3.9,8.3,0.465,2.5,6.0,0.419,1.4,2.3,0.583,0.616,0.8,1.0,0.8,1.9,2.3,4.3,1.7,1.2,0.0,0.6,3.3,11.0,LAL
13,Armel TraorÃ©,22,SF,8,0,61,3.0,10.6,0.278,0.0,4.1,0.0,3.0,6.5,0.455,0.278,1.2,4.1,0.286,0.6,7.7,8.3,0.6,2.4,1.2,1.2,3.5,7.1,LAL
14,Shake Milton,28,SG,6,0,58,2.5,8.7,0.286,1.2,6.2,0.2,1.2,2.5,0.5,0.357,1.9,2.5,0.75,0.6,5.6,6.2,3.1,0.0,0.6,1.9,1.9,8.1,LAL
15,Maxwell Lewis,22,SF,7,0,29,2.5,7.4,0.333,0.0,0.0,,2.5,7.4,0.333,0.333,0.0,0.0,,2.5,0.0,2.5,2.5,1.2,0.0,2.5,1.2,5.0,LAL
16,Bronny James,20,SG,11,0,25,1.4,14.4,0.1,0.0,5.8,0.0,1.4,8.6,0.167,0.1,2.9,2.9,1.0,1.4,1.4,2.9,4.3,2.9,1.4,0.0,2.9,5.8,LAL
17,Trey Jemison,25,C,2,0,17,0.0,0.0,,0.0,0.0,,0.0,0.0,,,2.1,4.2,0.5,2.1,10.6,12.7,0.0,0.0,4.2,2.1,8.5,2.1,LAL
18,Jalen Hood-Schifino,21,SG,2,0,14,2.6,2.6,1.0,0.0,0.0,,2.6,2.6,1.0,1.0,5.1,5.1,1.0,2.6,0.0,2.6,2.6,0.0,2.6,2.6,7.7,10.3,LAL
19,Quincy Olivari,23,PG,2,0,10,3.6,18.0,0.2,3.6,18.0,0.2,0.0,0.0,,0.3,0.0,0.0,,0.0,0.0,0.0,3.6,0.0,0.0,3.6,0.0,10.8,LAL
1,Toumani Camara,24,PF,41,41,1280,4.1,9.7,0.42,1.7,5.0,0.333,2.4,4.7,0.512,0.506,1.2,1.6,0.724,2.6,3.7,6.3,2.3,1.6,0.6,1.7,3.4,11.0,POR
2,Anfernee Simons,25,SG,39,39,1248,7.3,17.4,0.421,3.3,9.1,0.366,4.0,8.3,0.481,0.517,2.5,2.7,0.904,0.3,2.7,3.1,5.5,1.0,0.1,2.5,2.1,20.5,POR
3,Deni Avdija,24,SF,40,22,1139,6.1,13.2,0.462,1.9,5.4,0.347,4.2,7.8,0.54,0.532,3.9,5.0,0.767,1.6,6.6,8.3,4.2,1.3,0.8,3.0,2.7,17.9,POR
4,Shaedon Sharpe,21,SG,35,31,1101,7.7,17.0,0.451,2.2,7.1,0.312,5.5,9.9,0.551,0.516,3.0,3.7,0.805,0.8,3.6,4.4,3.1,0.9,0.3,2.2,2.1,20.6,POR
5,Jerami Grant,30,PF,32,32,1037,5.3,13.9,0.383,2.7,7.0,0.379,2.6,6.8,0.386,0.479,3.3,4.0,0.833,0.6,3.3,3.9,2.4,0.9,1.2,1.6,2.6,16.6,POR
6,Scoot Henderson,20,PG,36,7,971,5.7,13.3,0.429,1.9,5.3,0.352,3.9,8.0,0.479,0.499,3.4,4.5,0.769,0.9,3.2,4.0,7.2,1.5,0.4,3.7,3.5,16.7,POR
7,Deandre Ayton,26,C,32,32,959,7.8,13.7,0.568,0.2,1.1,0.2,7.6,12.6,0.601,0.577,0.8,1.2,0.606,3.6,8.7,12.2,1.8,0.9,1.2,2.0,2.6,16.6,POR
8,Dalano Banton,25,PG,34,0,544,7.2,17.6,0.41,2.7,7.5,0.363,4.5,10.1,0.444,0.487,3.1,4.5,0.691,0.8,3.9,4.7,5.2,1.8,1.1,3.0,2.1,20.3,POR
9,Kris Murray,24,SF,36,0,528,4.6,10.0,0.459,1.1,4.0,0.271,3.5,5.9,0.586,0.514,0.8,1.8,0.444,2.8,2.9,5.7,2.5,0.9,0.5,1.5,2.5,11.0,POR
10,Donovan Clingan,20,C,31,8,516,5.0,9.3,0.537,0.4,1.4,0.3,4.6,8.0,0.579,0.56,1.7,2.4,0.735,5.9,8.1,14.0,1.4,1.0,3.3,2.7,5.5,12.2,POR
11,Jabari Walker,22,SF,31,1,316,4.9,10.6,0.462,0.6,3.2,0.179,4.3,7.4,0.585,0.489,1.5,2.1,0.722,3.0,7.3,10.3,1.7,1.4,0.3,1.8,4.0,11.8,POR
12,Rayan Rupert,20,SG,30,0,263,4.2,10.3,0.413,1.4,4.7,0.294,2.9,5.6,0.512,0.48,1.6,2.2,0.75,2.7,2.5,5.2,1.9,1.1,0.3,2.1,2.6,11.5,POR
13,Robert Williams,27,C,15,2,250,5.3,7.6,0.698,0.1,0.4,0.333,5.2,7.2,0.72,0.708,2.0,2.2,0.933,3.3,7.5,10.8,2.4,1.4,3.5,1.9,2.9,12.8,POR
14,Duop Reath,28,C,20,0,121,4.8,12.8,0.372,3.0,9.5,0.313,1.8,3.3,0.545,0.488,1.8,2.4,0.75,2.4,3.3,5.7,1.8,0.0,0.6,1.2,4.5,14.3,POR
15,Taze Moore,26,SG,2,0,20,3.6,18.0,0.2,1.8,7.2,0.25,1.8,10.8,0.167,0.25,1.8,3.6,0.5,7.2,7.2,14.4,1.8,3.6,0.0,3.6,0.0,10.8,POR
16,Justin Minaya,25,SF,5,0,16,0.0,2.3,0.0,0.0,0.0,,0.0,2.3,0.0,0.0,0.0,0.0,,4.5,2.3,6.8,4.5,2.3,0.0,0.0,6.8,0.0,POR
17,Bryce McGowens,22,SG,4,0,11,9.8,16.4,0.6,0.0,6.5,0.0,9.8,9.8,1.0,0.6,0.0,3.3,0.0,3.3,0.0,3.3,3.3,0.0,0.0,3.3,0.0,19.6,POR
1,Kyrie Irving,32,SG,34,34,1216,9.0,18.7,0.483,3.0,7.1,0.427,6.0,11.5,0.518,0.565,3.6,4.0,0.903,1.1,3.5,4.6,4.9,1.3,0.4,2.3,2.1,24.7,DAL
2,P.J. Washington,26,PF,37,36,1204,5.4,12.5,0.434,1.7,4.6,0.364,3.7,7.9,0.475,0.501,2.5,3.3,0.748,1.6,7.0,8.6,2.4,1.3,1.0,2.0,2.6,15.0,DAL
3,Klay Thompson,34,SF,38,38,1047,6.3,15.4,0.411,3.8,10.0,0.38,2.5,5.4,0.468,0.535,1.2,1.4,0.9,0.8,3.6,4.4,2.6,1.2,0.6,1.8,1.6,17.7,DAL
4,Spencer Dinwiddie,31,PG,42,12,1038,4.4,11.6,0.382,1.9,5.9,0.324,2.5,5.7,0.442,0.464,3.7,4.3,0.862,0.3,3.3,3.6,5.2,1.4,0.3,1.5,2.2,14.5,DAL
5,Quentin Grimes,24,SG,41,12,938,5.6,12.2,0.461,2.6,6.8,0.392,3.0,5.4,0.546,0.569,2.0,2.7,0.757,1.1,5.2,6.3,3.3,1.1,0.3,2.0,2.5,15.9,DAL
6,Daniel Gafford,26,C,42,19,866,8.6,12.2,0.704,0.0,0.0,,8.6,12.2,0.704,0.704,4.0,5.9,0.688,4.3,6.8,11.1,2.2,0.8,2.8,2.0,4.5,21.2,DAL
7,Naji Marshall,27,SF,34,14,841,6.3,12.6,0.503,1.3,4.1,0.313,5.1,8.5,0.596,0.554,2.0,2.3,0.87,1.3,4.0,5.3,3.7,1.5,0.1,2.1,2.1,16.0,DAL
8,Luka DonÄiÄ,25,PG,22,22,785,9.9,21.4,0.464,3.4,9.7,0.354,6.5,11.6,0.555,0.544,5.1,6.7,0.767,0.7,7.7,8.4,7.9,2.0,0.4,3.4,2.7,28.4,DAL
9,Dereck Lively II,20,C,32,25,768,5.8,8.3,0.701,0.0,0.0,,5.8,8.3,0.701,0.701,2.1,3.2,0.638,4.6,7.1,11.8,3.9,0.8,2.5,1.8,4.4,13.7,DAL
10,Maxi Kleber,33,PF,32,4,606,2.1,5.2,0.414,0.7,2.6,0.279,1.4,2.6,0.545,0.483,0.9,1.1,0.789,1.4,4.0,5.4,2.3,0.5,1.0,1.3,3.8,5.9,DAL
11,Jaden Hardy,22,SG,34,3,540,6.7,15.6,0.427,2.9,7.3,0.394,3.8,8.3,0.456,0.519,2.3,3.1,0.739,0.5,3.1,3.5,3.3,1.4,0.3,3.3,3.6,18.5,DAL
12,Olivier-Maxence Prosper,22,PF,33,1,271,4.1,10.6,0.388,0.8,3.6,0.222,3.3,7.0,0.472,0.425,2.7,4.4,0.606,3.3,6.1,9.4,2.5,1.5,0.4,0.9,2.0,11.7,DAL
13,Dwight Powell,33,C,33,0,251,2.0,2.6,0.778,0.1,0.1,1.0,1.9,2.4,0.765,0.806,2.9,4.3,0.667,3.2,5.3,8.5,3.3,1.7,2.2,1.0,5.5,7.0,DAL
14,Brandon Williams,25,PG,13,0,85,5.9,13.6,0.438,1.3,4.2,0.3,4.7,9.3,0.5,0.484,3.4,4.7,0.727,0.8,2.5,3.4,3.8,0.8,0.0,2.5,1.7,16.5,DAL
15,Jazian Gortman,21,PG,15,0,55,5.9,15.1,0.391,2.6,7.2,0.364,3.3,7.9,0.417,0.478,1.3,2.6,0.5,0.7,2.6,3.3,3.9,1.3,0.7,3.3,5.9,15.7,DAL
16,Kessler Edwards,24,SF,14,0,51,1.4,7.1,0.2,0.0,4.2,0.0,1.4,2.8,0.5,0.2,0.0,0.0,,0.0,3.5,3.5,1.4,1.4,0.7,0.7,3.5,2.8,DAL
17,Markieff Morris,35,PF,5,0,25,5.8,20.2,0.286,2.9,10.1,0.286,2.9,10.1,0.286,0.357,0.0,0.0,,0.0,8.6,8.6,4.3,0.0,1.4,2.9,1.4,14.4,DAL
1,Jaren Jackson Jr.,25,C,42,42,1233,10.1,20.6,0.491,2.1,6.3,0.336,8.0,14.3,0.559,0.542,5.3,6.8,0.781,1.8,6.0,7.8,2.5,1.8,2.0,2.7,4.1,27.7,MEM
2,Jaylen Wells,21,SG,44,39,1152,5.7,13.0,0.44,2.7,7.1,0.388,3.0,5.9,0.503,0.546,2.1,2.6,0.829,1.5,3.0,4.5,2.3,0.7,0.2,1.5,2.6,16.3,MEM
3,Desmond Bane,26,SG,35,34,1042,8.0,16.1,0.496,2.7,7.1,0.385,5.3,9.0,0.582,0.58,2.7,3.1,0.865,1.0,5.7,6.7,6.4,1.6,0.6,3.0,3.0,21.4,MEM
4,Scotty Pippen Jr.,24,PG,44,16,950,6.1,13.1,0.47,1.8,4.8,0.37,4.4,8.3,0.528,0.538,2.3,3.4,0.674,1.2,4.3,5.5,7.7,2.0,0.6,3.1,4.2,16.3,MEM
5,Santi Aldama,24,PF,38,11,944,7.2,14.6,0.492,2.5,6.7,0.369,4.7,7.9,0.596,0.577,1.6,2.2,0.707,2.3,7.8,10.0,3.9,1.3,0.7,1.7,1.4,18.5,MEM
6,Jake LaRavia,23,PF,42,0,915,4.4,9.0,0.491,1.5,3.4,0.437,3.0,5.6,0.524,0.574,2.5,3.5,0.711,2.4,5.0,7.3,5.1,1.4,0.7,2.5,3.3,12.9,MEM
7,Brandon Clarke,28,PF,41,18,760,6.5,10.7,0.613,0.0,0.8,0.063,6.5,9.9,0.656,0.616,1.6,2.3,0.673,3.4,6.2,9.6,1.9,1.6,1.0,1.1,4.6,14.7,MEM
8,Ja Morant,25,PG,26,26,743,9.0,20.2,0.447,1.9,6.2,0.307,7.1,14.0,0.509,0.494,6.6,8.1,0.815,0.8,4.6,5.4,9.7,1.6,0.4,4.9,2.3,26.6,MEM
9,Luke Kennard,28,SG,31,1,668,5.2,10.9,0.473,3.7,7.7,0.479,1.5,3.3,0.459,0.64,1.8,2.0,0.895,1.2,4.0,5.2,5.3,1.0,0.1,1.6,1.5,15.8,MEM
10,Zach Edey,22,C,30,23,616,6.7,11.6,0.578,0.6,1.7,0.379,6.1,9.9,0.612,0.606,2.0,3.3,0.625,5.6,7.1,12.7,1.5,1.1,1.8,2.7,4.9,16.1,MEM
11,Jay Huff,26,C,39,1,554,7.7,14.6,0.527,4.0,9.6,0.419,3.6,4.9,0.737,0.665,2.4,3.1,0.771,1.4,4.8,6.2,1.8,0.7,2.5,1.8,4.0,21.8,MEM
12,Marcus Smart,30,PG,18,6,382,5.0,13.4,0.373,2.7,8.2,0.333,2.3,5.2,0.436,0.475,2.8,3.4,0.833,1.3,2.6,4.0,6.5,2.2,0.6,3.2,2.8,15.5,MEM
13,John Konchar,28,SG,22,3,313,2.6,6.7,0.397,1.4,4.7,0.293,1.3,2.0,0.647,0.5,0.6,0.7,0.833,2.9,7.7,10.6,3.0,1.5,1.2,1.2,2.6,7.2,MEM
14,Cam Spencer,24,SG,10,0,121,3.9,8.9,0.433,1.5,4.8,0.313,2.4,4.2,0.571,0.517,2.7,2.7,1.0,1.5,3.6,5.1,4.8,0.9,0.3,1.5,3.3,11.9,MEM
15,Yuki Kawamura,23,PG,17,0,56,5.1,13.5,0.381,2.6,9.6,0.267,2.6,3.9,0.667,0.476,2.6,3.9,0.667,0.0,3.9,3.9,7.7,0.6,0.0,2.6,4.5,15.4,MEM
16,Colin Castleton,24,C,10,0,46,1.6,7.8,0.2,0.0,3.1,0.0,1.6,4.7,0.333,0.2,7.8,8.6,0.909,2.3,4.7,7.0,0.0,0.8,0.8,0.8,4.7,11.0,MEM
17,Vince Williams Jr.,24,SG,3,0,45,5.6,15.2,0.368,0.8,6.4,0.125,4.8,8.8,0.545,0.395,0.8,3.2,0.25,3.2,5.6,8.8,7.2,0.0,1.6,5.6,7.2,12.8,MEM
18,GG Jackson II,20,PF,2,0,21,5.1,12.0,0.429,1.7,6.9,0.25,3.4,5.1,0.667,0.5,0.0,0.0,,0.0,5.1,5.1,0.0,0.0,0.0,5.1,0.0,12.0,MEM
1,Stephen Curry,36,PG,35,35,1109,8.6,19.2,0.449,4.9,12.0,0.407,3.7,7.2,0.52,0.577,3.5,3.8,0.94,0.6,5.0,5.6,7.1,1.3,0.6,3.4,1.4,25.7,GSW
2,Andrew Wiggins,29,SF,37,37,1094,7.2,16.3,0.445,2.7,7.0,0.387,4.5,9.3,0.489,0.528,3.6,4.5,0.783,1.9,3.7,5.5,2.8,1.2,1.0,1.6,2.1,20.7,GSW
3,Buddy Hield,32,SG,43,11,1014,6.7,16.0,0.419,4.2,11.0,0.379,2.5,5.0,0.507,0.55,1.1,1.3,0.842,0.9,4.1,5.0,2.4,1.4,0.4,1.9,2.8,18.7,GSW
4,Draymond Green,34,PF,34,32,946,3.8,9.2,0.415,1.8,4.8,0.362,2.1,4.3,0.474,0.51,1.5,2.5,0.615,1.3,6.4,7.8,7.1,1.3,1.4,3.2,4.0,10.9,GSW
5,Trayce Jackson-Davis,24,C,42,34,858,6.4,11.2,0.575,0.0,0.0,0.0,6.4,11.1,0.577,0.575,2.0,3.4,0.6,4.2,7.3,11.5,3.9,0.8,1.4,1.6,2.6,14.9,GSW
6,Jonathan Kuminga,22,PF,32,10,832,8.4,18.3,0.459,1.7,5.0,0.345,6.7,13.3,0.502,0.506,4.7,7.3,0.639,1.9,5.0,6.9,3.0,1.3,0.8,2.2,2.6,23.2,GSW
7,Brandin Podziemski,21,SG,30,8,725,4.6,11.4,0.404,1.5,5.2,0.295,3.1,6.2,0.496,0.472,1.1,1.5,0.733,1.5,5.2,6.7,4.8,1.4,0.3,1.5,2.3,11.9,GSW
8,Lindy Waters III,27,SG,35,9,642,4.2,11.1,0.379,2.7,8.0,0.336,1.5,3.1,0.491,0.5,0.4,0.6,0.727,0.8,4.4,5.3,2.3,1.2,0.6,1.0,3.1,11.6,GSW
9,Moses Moody,22,SG,36,4,627,5.9,13.7,0.429,3.3,8.4,0.39,2.6,5.3,0.489,0.548,2.0,2.7,0.745,0.9,3.1,4.0,2.1,1.0,0.5,1.5,2.8,17.0,GSW
10,Kevon Looney,28,C,37,6,588,5.1,9.7,0.532,0.0,0.1,0.0,5.1,9.6,0.535,0.532,1.3,3.0,0.449,6.6,8.9,15.4,3.9,1.7,0.7,1.4,4.9,11.6,GSW
11,Kyle Anderson,31,PF,33,3,503,5.0,11.3,0.443,1.4,3.7,0.373,3.7,7.7,0.477,0.503,1.3,1.9,0.667,1.8,5.6,7.4,5.5,1.9,1.3,1.3,2.6,12.7,GSW
12,Dennis SchrÃ¶der,31,SG,18,17,487,5.1,14.2,0.359,1.8,6.2,0.286,3.3,8.0,0.417,0.422,1.8,2.3,0.806,0.5,2.1,2.7,5.8,1.0,0.1,2.9,3.5,13.8,GSW
13,Gary Payton II,32,SG,32,6,430,5.8,10.5,0.552,0.6,3.2,0.184,5.2,7.3,0.713,0.58,1.0,1.6,0.632,2.9,5.0,8.0,3.4,1.8,0.8,1.7,4.0,13.1,GSW
14,Gui Santos,22,PF,19,1,204,4.1,8.8,0.46,2.3,5.8,0.394,1.8,3.0,0.588,0.59,0.5,1.1,0.5,2.8,4.2,7.1,3.5,1.2,0.5,1.8,4.4,10.9,GSW
15,De'Anthony Melton,26,SG,6,2,121,6.5,16.1,0.407,3.9,10.4,0.371,2.7,5.7,0.474,0.528,1.5,2.4,0.625,1.8,4.2,6.0,5.1,2.1,0.6,3.0,5.4,18.4,GSW
16,Pat Spencer,28,PG,17,0,120,5.1,12.9,0.395,0.6,3.0,0.2,4.5,9.9,0.455,0.419,2.1,3.0,0.7,2.4,4.2,6.6,8.1,2.4,0.6,3.0,2.1,12.9,GSW
17,Quinten Post,24,PF,5,0,41,7.9,17.6,0.45,2.6,10.5,0.25,5.3,7.0,0.75,0.525,0.9,0.9,1.0,1.8,5.3,7.0,4.4,0.0,1.8,1.8,4.4,19.3,GSW
18,Reece Beekman,23,PG,2,0,4,9.0,9.0,1.0,0.0,0.0,,9.0,9.0,1.0,1.0,0.0,0.0,,9.0,0.0,9.0,9.0,9.0,0.0,0.0,9.0,18.0,GSW
1,Chris Paul,39,PG,41,41,1196,3.9,9.4,0.42,2.2,5.9,0.365,1.8,3.5,0.513,0.535,1.8,1.8,0.967,0.6,4.6,5.2,10.2,1.7,0.3,2.0,2.4,11.8,SAS
2,Victor Wembanyama,21,C,36,36,1193,9.7,20.5,0.473,3.5,9.9,0.354,6.2,10.7,0.584,0.558,3.6,4.3,0.845,1.9,9.7,11.7,4.0,1.2,4.3,3.7,2.4,26.6,SAS
3,Harrison Barnes,32,PF,41,41,1154,4.7,9.9,0.481,1.9,4.6,0.405,2.9,5.2,0.548,0.576,2.9,3.6,0.809,1.8,3.1,4.9,2.2,0.4,0.2,0.7,1.2,14.3,SAS
4,Julian Champagnie,23,SF,41,26,1097,5.2,12.5,0.417,3.3,9.2,0.364,1.9,3.3,0.564,0.551,1.4,1.6,0.898,1.1,4.9,5.9,1.7,1.0,0.7,1.4,1.9,15.2,SAS
5,Stephon Castle,20,PG,40,23,1007,6.0,14.8,0.403,1.4,5.4,0.258,4.6,9.4,0.487,0.45,3.3,4.6,0.713,1.1,2.5,3.6,5.1,1.1,0.4,2.6,2.5,16.6,SAS
6,Keldon Johnson,25,SF,38,0,926,6.8,14.8,0.459,1.6,5.6,0.287,5.2,9.3,0.563,0.513,3.0,3.9,0.77,1.9,5.5,7.3,2.1,1.0,0.4,1.2,2.1,18.2,SAS
7,Devin Vassell,24,SG,26,15,771,7.4,16.9,0.438,2.8,7.5,0.366,4.6,9.3,0.495,0.519,2.2,2.9,0.774,0.9,3.6,4.6,3.8,1.4,0.6,2.1,1.9,19.8,SAS
8,Jeremy Sochan,21,PF,22,19,637,6.6,12.4,0.53,0.6,2.2,0.282,5.9,10.2,0.583,0.555,2.9,4.0,0.729,3.3,6.7,10.0,3.2,1.1,0.8,2.3,2.9,16.6,SAS
9,Zach Collins,27,C,32,4,405,5.2,11.4,0.453,1.2,4.0,0.289,4.0,7.4,0.542,0.504,2.8,3.1,0.886,3.3,5.3,8.6,4.4,1.2,1.2,2.0,6.0,14.2,SAS
10,Tre Jones,25,PG,23,0,375,3.0,6.7,0.443,0.6,2.1,0.273,2.4,4.6,0.521,0.486,1.6,2.1,0.773,1.2,3.6,4.8,8.1,1.4,0.4,1.5,2.6,8.2,SAS
11,Charles Bassey,24,C,29,0,309,6.8,11.5,0.586,0.0,0.0,,6.8,11.5,0.586,0.586,2.1,3.4,0.621,5.5,9.4,14.9,1.4,1.4,3.3,2.4,4.9,15.6,SAS
12,Malaki Branham,21,SG,26,0,272,6.2,14.4,0.431,2.5,6.6,0.38,3.7,7.8,0.475,0.518,2.3,2.6,0.85,0.4,3.7,4.1,3.4,0.9,0.3,3.4,2.0,17.2,SAS
13,Blake Wesley,21,SG,27,0,270,4.8,10.5,0.456,0.5,2.8,0.19,4.3,7.7,0.552,0.481,2.0,2.8,0.714,0.8,2.3,3.1,6.8,1.2,0.4,3.3,1.9,12.1,SAS
14,Sandro Mamukelashvili,25,PF,25,0,213,6.4,11.7,0.551,3.2,7.6,0.422,3.2,4.1,0.792,0.688,2.7,3.7,0.727,2.5,7.9,10.5,1.7,0.7,1.0,1.9,2.7,18.8,SAS
15,Sidy Cissoko,20,SF,14,0,44,6.5,12.3,0.533,2.5,4.9,0.5,4.1,7.4,0.556,0.633,0.0,3.3,0.0,1.6,5.7,7.4,4.9,0.0,0.0,0.8,4.1,15.5,SAS
16,David Duke Jr.,25,SG,1,0,8,4.5,18.0,0.25,0.0,4.5,0.0,4.5,13.5,0.333,0.25,4.5,9.0,0.5,0.0,0.0,0.0,9.0,0.0,0.0,0.0,4.5,13.5,SAS
17,Riley Minix,24,SF,1,0,7,0.0,5.1,0.0,0.0,5.1,0.0,0.0,0.0,,0.0,0.0,0.0,,0.0,10.3,10.3,0.0,0.0,0.0,0.0,0.0,0.0,SAS
18,Harrison Ingram,22,SF,1,0,7,0.0,5.1,0.0,0.0,0.0,,0.0,5.1,0.0,0.0,0.0,0.0,,0.0,5.1,5.1,0.0,0.0,0.0,0.0,5.1,0.0,SAS
1,De'Aaron Fox,27,PG,40,40,1487,9.1,19.1,0.475,1.9,6.0,0.317,7.2,13.1,0.548,0.525,4.7,5.7,0.823,1.0,3.9,5.0,6.1,1.5,0.4,3.1,2.6,24.8,SAC
2,Domantas Sabonis,28,C,40,40,1442,8.2,13.5,0.606,1.2,2.4,0.485,7.0,11.1,0.633,0.65,3.3,4.3,0.778,3.9,10.4,14.3,6.2,0.7,0.5,2.9,3.5,20.9,SAC
3,Keegan Murray,24,PF,40,40,1421,4.7,11.0,0.424,1.8,5.8,0.314,2.8,5.2,0.546,0.507,0.9,1.1,0.837,2.1,5.1,7.2,1.4,0.8,0.9,0.9,2.7,12.1,SAC
4,DeMar DeRozan,35,SF,38,38,1361,8.2,17.0,0.482,0.9,2.7,0.327,7.3,14.3,0.511,0.508,4.7,5.4,0.864,0.5,3.3,3.9,3.8,1.3,0.4,1.5,2.1,21.9,SAC
5,Malik Monk,26,SG,35,22,1105,7.2,16.3,0.442,2.7,8.0,0.341,4.5,8.3,0.539,0.526,3.0,3.4,0.894,0.4,3.7,4.2,6.4,1.2,0.6,2.2,2.8,20.2,SAC
6,Keon Ellis,25,SG,41,10,879,4.2,8.6,0.483,2.7,6.1,0.447,1.4,2.5,0.574,0.642,1.8,2.0,0.86,1.3,2.7,4.0,2.0,2.3,1.2,1.3,3.2,12.9,SAC
7,Kevin Huerter,26,SG,39,15,866,5.2,12.4,0.416,2.5,8.1,0.301,2.7,4.2,0.637,0.515,0.8,1.1,0.704,0.8,4.1,4.9,2.9,1.5,0.7,1.5,2.9,13.6,SAC
8,Trey Lyles,29,PF,33,2,674,4.0,10.0,0.399,2.5,7.1,0.348,1.5,3.0,0.518,0.521,1.5,1.9,0.778,1.8,6.4,8.2,1.7,1.0,0.9,1.1,2.3,12.0,SAC
9,Alex Len,31,C,32,3,243,3.3,5.9,0.55,0.1,0.7,0.2,3.1,5.2,0.6,0.563,1.0,1.9,0.538,3.6,5.6,9.2,4.3,1.2,2.7,1.3,4.7,7.7,SAC
10,Doug McDermott,33,SF,26,3,221,5.0,11.9,0.425,4.2,10.3,0.413,0.8,1.6,0.5,0.603,0.5,0.8,0.6,0.3,2.3,2.6,0.7,0.7,0.2,0.7,3.6,14.8,SAC
11,Jordan McLaughlin,28,PG,26,0,180,3.2,8.4,0.381,2.0,5.0,0.4,1.2,3.4,0.353,0.5,2.0,2.8,0.714,0.8,3.4,4.2,4.8,2.0,0.0,2.2,2.6,10.4,SAC
12,Isaac Jones,24,PF,22,0,176,6.5,10.0,0.653,0.2,0.8,0.25,6.3,9.2,0.689,0.663,2.3,4.1,0.55,2.0,4.3,6.3,0.8,0.4,1.6,2.3,4.5,15.5,SAC
13,Colby Jones,22,SG,23,0,122,3.2,7.4,0.44,1.2,2.7,0.444,2.1,4.7,0.438,0.52,0.0,0.0,,1.8,4.1,5.9,1.5,1.5,1.8,2.1,3.8,7.7,SAC
14,Devin Carter,22,PG,8,0,98,4.4,13.6,0.324,2.2,7.3,0.3,2.2,6.2,0.353,0.405,2.6,3.7,0.7,1.5,8.1,9.6,4.0,0.4,1.1,1.5,2.9,13.6,SAC
15,Jae Crowder,34,PF,7,2,92,2.3,6.7,0.353,1.2,4.7,0.25,1.2,2.0,0.6,0.441,2.0,2.3,0.833,2.3,4.3,6.7,1.6,1.2,0.0,1.6,3.9,7.8,SAC
16,Orlando Robinson,24,C,9,0,57,4.4,10.7,0.412,0.6,3.2,0.2,3.8,7.6,0.5,0.441,2.5,4.4,0.571,1.9,6.9,8.8,5.7,1.9,0.6,2.5,3.8,12.0,SAC
17,Mason Jones,26,SG,3,0,13,0.0,5.5,0.0,0.0,5.5,0.0,0.0,0.0,,0.0,0.0,0.0,,2.8,8.3,11.1,19.4,0.0,0.0,0.0,2.8,0.0,SAC
18,Isaiah Crawford,23,SF,3,0,9,4.0,8.0,0.5,0.0,0.0,,4.0,8.0,0.5,0.5,0.0,0.0,,0.0,12.0,12.0,0.0,0.0,0.0,0.0,4.0,8.0,SAC
1,Anthony Edwards,23,SG,44,44,1616,8.7,19.8,0.44,4.1,9.6,0.426,4.6,10.2,0.454,0.544,4.1,4.9,0.836,0.7,4.9,5.7,4.2,1.1,0.5,3.3,1.8,25.6,MIN
2,Julius Randle,30,PF,44,44,1454,7.1,15.2,0.468,1.7,5.0,0.332,5.4,10.2,0.535,0.523,4.7,5.8,0.808,2.3,5.6,7.9,4.9,0.7,0.2,3.2,2.8,20.6,MIN
3,Rudy Gobert,32,C,44,44,1452,4.3,6.6,0.642,0.0,0.0,,4.3,6.6,0.642,0.642,2.6,3.7,0.687,3.5,7.6,11.1,1.9,0.6,1.6,1.5,2.7,11.1,MIN
4,Jaden McDaniels,24,PF,44,44,1359,4.8,10.6,0.455,1.5,4.5,0.325,3.4,6.2,0.549,0.524,1.1,1.4,0.755,1.7,4.2,5.9,1.8,1.6,1.0,1.2,3.4,12.2,MIN
5,Naz Reid,25,C,44,0,1111,7.2,14.9,0.479,3.0,7.3,0.407,4.2,7.6,0.549,0.579,2.1,2.7,0.783,1.3,6.1,7.5,2.4,1.1,1.2,1.7,3.5,19.4,MIN
6,Donte DiVincenzo,28,SG,40,8,1057,5.0,12.7,0.397,3.5,9.5,0.369,1.5,3.2,0.479,0.535,1.4,1.7,0.82,0.8,4.2,5.0,4.9,1.6,0.2,2.4,2.1,15.0,MIN
7,Nickeil Alexander-Walker,26,SG,44,2,1010,4.7,10.5,0.449,2.5,6.1,0.404,2.2,4.4,0.512,0.566,1.1,1.6,0.696,0.9,3.5,4.3,3.7,1.0,0.5,2.0,2.6,13.0,MIN
8,Mike Conley,37,PG,40,34,980,3.7,10.1,0.367,2.6,6.8,0.382,1.1,3.3,0.337,0.496,1.8,2.1,0.893,0.7,3.2,3.9,6.4,1.8,0.3,1.6,2.2,11.9,MIN
9,Josh Minott,22,SF,26,0,188,5.7,11.3,0.508,1.1,5.0,0.231,4.6,6.3,0.727,0.559,1.3,1.7,0.778,1.1,4.4,5.6,2.5,2.1,1.7,1.3,4.6,14.0,MIN
10,Rob Dillingham,20,PG,19,0,185,7.4,15.2,0.487,2.9,6.4,0.455,4.5,8.8,0.511,0.583,0.0,0.0,,0.4,2.5,2.9,6.4,0.4,0.0,3.9,2.9,17.7,MIN
11,Luka Garza,26,C,13,0,56,10.3,18.0,0.571,1.3,5.1,0.25,9.0,12.9,0.7,0.607,3.2,5.1,0.625,2.6,5.1,7.7,0.6,0.6,0.0,2.6,5.1,25.1,MIN
12,Terrence Shannon Jr.,24,SG,10,0,45,5.6,10.4,0.538,0.8,2.4,0.333,4.8,8.0,0.6,0.577,0.0,0.0,,0.0,1.6,1.6,4.0,1.6,0.8,2.4,0.8,12.0,MIN
13,Joe Ingles,37,SF,9,0,35,0.0,3.1,0.0,0.0,2.1,0.0,0.0,1.0,0.0,0.0,0.0,0.0,,2.1,0.0,2.1,9.3,0.0,0.0,1.0,6.2,0.0,MIN
14,PJ Dozier,28,SG,9,0,35,2.1,3.1,0.667,2.1,3.1,0.667,0.0,0.0,,1.0,1.0,6.2,0.167,1.0,4.1,5.1,5.1,1.0,0.0,1.0,3.1,7.2,MIN
15,Daishen Nix,22,PG,3,0,13,0.0,2.8,0.0,0.0,2.8,0.0,0.0,0.0,,0.0,2.8,5.5,0.5,0.0,11.1,11.1,8.3,0.0,0.0,11.1,2.8,2.8,MIN
16,Leonard Miller,21,SF,3,0,6,0.0,12.0,0.0,0.0,6.0,0.0,0.0,6.0,0.0,0.0,12.0,12.0,1.0,6.0,12.0,18.0,0.0,6.0,0.0,6.0,6.0,12.0,MIN
17,Jaylen Clark,23,SG,3,0,6,0.0,12.0,0.0,0.0,6.0,0.0,0.0,6.0,0.0,0.0,0.0,0.0,,6.0,0.0,6.0,0.0,0.0,0.0,0.0,6.0,0.0,MIN
18,Tristen Newton,23,SG,1,0,1,0.0,0.0,,0.0,0.0,,0.0,0.0,,,0.0,0.0,,0.0,36.0,36.0,0.0,0.0,0.0,0.0,36.0,0.0,MIN
1,Fred VanVleet,30,PG,40,40,1432,5.3,13.6,0.393,2.7,7.9,0.344,2.6,5.7,0.46,0.493,2.0,2.4,0.813,0.7,3.3,4.1,5.9,1.7,0.5,1.6,2.5,15.3,HOU
2,Jalen Green,22,SG,43,43,1410,8.2,19.0,0.432,3.1,8.7,0.36,5.1,10.2,0.494,0.515,3.8,4.4,0.872,0.6,4.1,4.7,3.0,1.0,0.4,2.7,1.9,23.4,HOU
3,Alperen ÅengÃ¼n,22,C,43,43,1346,8.8,18.0,0.49,0.4,1.7,0.226,8.5,16.4,0.516,0.5,4.0,5.7,0.712,3.9,8.1,12.0,5.8,1.5,1.0,2.9,3.1,22.1,HOU
4,Dillon Brooks,29,SF,40,40,1278,5.2,12.9,0.406,2.5,6.7,0.367,2.8,6.2,0.448,0.501,1.5,1.7,0.855,1.4,2.8,4.2,1.8,0.9,0.3,1.1,3.9,14.4,HOU
5,Amen Thompson,22,SF,40,13,1202,6.0,10.9,0.554,0.4,1.6,0.245,5.6,9.3,0.606,0.572,3.1,4.5,0.691,3.3,6.3,9.6,3.0,1.6,1.3,2.3,2.8,15.5,HOU
6,Jabari Smith Jr.,21,PF,33,33,1021,4.8,11.0,0.435,2.0,5.6,0.354,2.8,5.5,0.516,0.524,2.3,2.6,0.867,2.1,5.5,7.6,1.2,0.4,1.1,1.1,2.6,13.9,HOU
7,Tari Eason,23,PF,28,0,641,6.9,14.5,0.477,1.6,4.7,0.333,5.3,9.8,0.546,0.531,2.8,3.8,0.746,3.4,6.3,9.7,1.8,3.3,1.3,1.3,3.8,18.2,HOU
8,Cam Whitmore,20,SF,25,0,417,8.5,19.3,0.442,2.8,8.7,0.327,5.7,10.6,0.537,0.516,2.4,3.3,0.737,1.8,5.2,7.0,1.7,1.3,0.6,1.9,1.9,22.4,HOU
9,Reed Sheppard,20,PG,32,0,360,3.9,12.4,0.315,2.0,7.3,0.274,1.9,5.1,0.373,0.395,0.5,0.6,0.833,1.0,3.0,4.0,3.7,1.7,1.0,1.9,2.8,10.3,HOU
10,Aaron Holiday,28,PG,31,0,334,4.4,10.7,0.414,2.6,6.9,0.375,1.8,3.8,0.486,0.535,1.6,1.8,0.882,0.6,2.7,3.3,3.7,1.4,0.3,1.5,2.8,13.0,HOU
11,Steven Adams,31,C,29,0,323,3.6,6.0,0.593,0.0,0.0,,3.6,6.0,0.593,0.593,1.8,4.9,0.364,7.8,8.0,15.8,3.6,0.8,1.3,3.1,3.1,8.9,HOU
12,Jae'Sean Tate,29,SF,24,1,257,4.5,9.8,0.457,0.8,2.5,0.333,3.6,7.3,0.5,0.5,2.2,3.5,0.64,3.1,4.6,7.7,2.7,1.8,0.3,1.5,6.2,12.0,HOU
13,Jock Landale,29,C,21,0,193,4.5,10.8,0.414,0.6,1.3,0.429,3.9,9.5,0.412,0.44,2.4,4.1,0.591,4.7,5.8,10.4,2.8,0.7,1.3,1.9,2.8,11.9,HOU
14,Jeff Green,38,PF,13,2,137,5.3,9.7,0.541,2.1,6.0,0.348,3.2,3.7,0.857,0.649,1.8,2.4,0.778,0.5,4.2,4.7,0.8,0.8,0.3,0.8,3.7,14.5,HOU
15,Jack McVeigh,28,PF,6,0,21,5.1,18.9,0.273,3.4,13.7,0.25,1.7,5.1,0.333,0.364,0.0,0.0,,1.7,5.1,6.9,1.7,0.0,1.7,1.7,1.7,13.7,HOU
16,Jeenathan Williams,25,SG,6,0,21,12.0,15.4,0.778,3.4,6.9,0.5,8.6,8.6,1.0,0.889,0.0,0.0,,0.0,5.1,5.1,1.7,3.4,1.7,1.7,1.7,27.4,HOU
1,Yves Missi,20,C,41,35,1111,4.8,8.5,0.561,0.0,0.0,0.0,4.8,8.5,0.563,0.561,2.5,3.8,0.661,4.8,6.0,10.9,1.9,0.8,1.9,1.6,3.0,12.1,NOP
2,CJ McCollum,33,PG,31,31,1042,9.1,20.0,0.453,3.4,9.2,0.374,5.6,10.8,0.521,0.539,2.5,3.5,0.71,0.8,3.2,4.0,4.1,0.9,0.6,1.8,2.5,24.0,NOP
3,Trey Murphy III,24,SF,28,26,980,7.3,16.3,0.449,3.2,8.9,0.358,4.2,7.4,0.559,0.547,4.3,4.7,0.907,1.0,4.1,5.1,3.0,1.2,0.8,1.6,2.5,22.2,NOP
4,Brandon Boston Jr.,23,SG,39,10,927,5.9,13.6,0.436,1.7,5.0,0.346,4.2,8.6,0.489,0.5,2.5,3.1,0.81,1.0,3.8,4.9,3.5,1.8,0.3,1.9,2.6,16.1,NOP
5,Dejounte Murray,28,PG,27,27,903,6.7,17.5,0.384,1.9,6.3,0.302,4.8,11.1,0.43,0.438,3.2,3.9,0.825,0.6,6.5,7.1,8.3,2.4,0.4,3.8,2.3,18.5,NOP
6,Javonte Green,31,SG,39,15,849,3.5,7.6,0.464,1.3,3.3,0.385,2.2,4.3,0.525,0.547,1.7,2.2,0.765,1.7,4.0,5.7,1.4,1.7,1.2,1.1,2.5,10.0,NOP
7,Jeremiah Robinson-Earl,24,PF,37,5,684,4.5,9.9,0.45,1.4,4.5,0.306,3.1,5.5,0.567,0.519,1.3,1.5,0.862,3.6,5.9,9.6,2.6,1.4,0.3,1.4,2.5,11.6,NOP
8,Herbert Jones,26,SF,20,20,648,4.2,9.6,0.436,1.2,4.0,0.306,2.9,5.6,0.53,0.5,1.8,2.2,0.825,1.2,3.1,4.3,3.6,2.1,0.5,1.9,3.7,11.4,NOP
9,Jordan Hawkins,22,SG,28,4,636,5.7,15.8,0.361,3.1,9.4,0.331,2.6,6.5,0.404,0.459,2.7,3.2,0.825,0.7,3.3,4.0,1.5,0.8,0.7,1.4,1.2,17.2,NOP
10,Brandon Ingram,27,SF,18,18,595,9.4,20.1,0.465,2.6,7.0,0.374,6.8,13.2,0.514,0.53,2.8,3.3,0.855,1.0,5.0,6.1,5.6,1.0,0.7,4.2,2.7,24.2,NOP
11,Daniel Theis,32,C,34,9,562,3.8,7.7,0.492,0.6,2.2,0.257,3.2,5.4,0.588,0.529,1.9,2.2,0.829,2.6,7.1,9.7,3.4,1.0,1.2,1.5,4.0,10.0,NOP
12,Jose Alvarado,26,PG,21,7,460,5.4,13.7,0.394,3.7,9.0,0.409,1.7,4.7,0.367,0.529,1.6,2.0,0.808,0.9,2.5,3.4,6.6,2.4,0.4,1.8,3.4,16.1,NOP
13,Zion Williamson,24,PF,10,10,289,10.2,21.1,0.485,0.2,1.2,0.2,10.0,19.8,0.503,0.491,6.6,10.6,0.624,4.2,6.0,10.2,6.7,1.5,1.5,4.2,3.6,27.3,NOP
14,Jamal Cain,25,SF,17,0,227,4.0,9.0,0.439,1.4,4.8,0.3,2.5,4.3,0.593,0.518,1.6,2.5,0.625,2.5,4.8,7.3,1.6,1.4,1.1,1.1,3.3,10.9,NOP
15,Jaylen Nowell,25,SG,8,0,168,5.6,15.6,0.356,1.7,5.8,0.296,3.9,9.9,0.391,0.411,1.5,2.4,0.636,1.3,3.0,4.3,3.9,0.2,0.9,1.7,1.9,14.4,NOP
16,Trey Jemison,25,C,16,0,166,3.3,6.9,0.469,0.0,0.0,,3.3,6.9,0.469,0.469,1.7,4.6,0.381,4.8,4.8,9.5,2.2,1.5,1.3,2.2,5.9,8.2,NOP
17,Antonio Reeves,24,SG,17,0,155,7.2,17.2,0.419,2.6,8.6,0.297,4.6,8.6,0.541,0.493,1.6,1.9,0.875,1.4,2.8,4.2,2.3,1.4,0.0,1.2,1.6,18.6,NOP
18,Elfrid Payton,30,PG,7,3,144,5.7,11.5,0.5,0.0,0.2,0.0,5.7,11.3,0.511,0.5,0.2,0.5,0.5,1.2,4.7,6.0,12.0,2.5,0.7,5.0,2.5,11.7,NOP
19,Karlo MatkoviÄ,23,PF,8,0,64,2.8,6.2,0.455,0.0,1.1,0.0,2.8,5.1,0.556,0.455,0.0,0.0,,4.5,5.6,10.1,1.7,2.8,3.4,3.4,6.2,5.6,NOP
